24556004.544,24555646.025,24555287.308,24554928.559,24554569.882,24554211.067,24553852.197,24553493.333,24553134.6,24552775.816,24552417.304,24552059.004,24551701.963,24551342.563,24550980.132,24550628.213,24550265.435,24549902.927,24549547.935,24549191.421,24548834.746,24548479.78,24548124.492,24547763.905,21645347.908,24547039.816,24546681.012,24546321.014,24545964.643,24545605.681,24545248.801,24544890.968,24544533.983,24544177.048,24543820.69,24543464.645,24543108.664,24542753.027,24542397.829,24542042.511,21650535.849,24541339.876,24540983.183,24540628.006,24540271.394,24539916.345,24539560.683,24539201.474,21653153.249,24538492.498,24538138.646,24537782.869,24537432.923,24537071.192,21655119.717,24536361.65,24536005.431,24535651.008,24535310.562,21656761.28,21657089.696,21657418.446,24533890.959,24533540.61,24533190.189,24532834.167,24532476.476,24532131.069,24531775.869,24531406.08,24531051.302,21660717.041,21661047.931,21661379.19,24529666.588,24529309.939,24528952.663,24528594.505,24528243.425,24527885.257,24527514.623,24527152.05,24526787.936,24526430.596,24526075.944,24525729.397,24525368.901,24525007.165,24524648.949,24524294.643,24523936.329,24523582.554,24523227.788,24522874.901,24522520.521,24522162.856,24521807.052,24521452.909,24521096.799,24520743.984,24520391.131,24520037.26,24519679.961,24519319.728,24518965.629,24518615.558,24518263.221,24517922.454,21673032.613,21673367.825,21673702.899,21674038.182,21674373.594,24515827.691,24515464.231,21675381.023,21675716.935,21676053.213,24514058.376,21676726.412,24513347.148,24512995.922,24512634.356,24512276.606,24511932.751,24511580.103,24511225.943,21679424.616,21858418.043,23043066.462,21680437.126,21680775.59,24509104.139,24508747.191,21681783.362,21682118.656,21682455.423,21682792.482,21683129.692,21683466.027,21683802.461,21684139.706,21684474.836,21684810.288,21685145.292,21685480.142,21685815.59,21686152.051,21686488.04,21686823.537,21687158.982,21687494.803,21687830.751,24501668.597,24501300.77,24500943.162,24500583.663,24500228.751,24499873.028,24499517.038,24499162.107,24498805.221,24498450.599,24498095.67,24497741.087,24497386.543,24497031.705,24496676.713,24496322.062,24495967.805,24495613.887,24495265.249,24494909.601,24494550.371,24494197.851,24493853.489,24493497.606,24493139.632,24492783.969,24492432.291,24492077.735,24491723.867,24491369.773,24491015.626,24490661.795,24490307.889,24489954.088,24489600.286,24489246.681,24488893.239,24488540.034,24488188.496,24487838.554,24487489.468,24487142.091,24486791.524,24486445.228,24486087.73,24485732.489,24485378.134,24485025.191,24484672.177,24484319.074,24483965.986,24483613.176,24483260.397,24482907.798,24482555.299,24482202.96,24481850.746,24481498.756,24481146.845,24480795.083,24480443.155,24480091.309,24479739.677,24479388.135,24479036.448,24478685.009,24478333.67,24477982.503,24477631.475,24477280.625,24476929.961
21637644.836,21637964.89,21638284.904,21638605.011,21638925.328,21639245.595,21639565.889,21639886.265,21640206.789,21640527.299,21640848.109,21641169.298,21641490.875,21641811.665,21642133.007,21642454.421,21642775.831,21643097.32,21643419.064,21643741.095,21644062.768,21644383.855,21644705.173,21645026.622,21608641.16,21645669.602,21645990.763,21646312.405,21646634.826,21646958.046,21647281.861,21647605.94,21647930.345,21648254.877,21648579.997,21648905.268,21649230.82,21649556.818,21649883.184,21650209.814,21604674.802,21650862.126,21651188.737,21651515.395,21651842.757,21652170.612,21652498.283,21652825.635,21602711.198,21653480.724,21653808.328,21654135.993,21654463.62,21654791.544,21601236.37,21655447.802,21655775.683,21656104.051,21656432.74,21600011.406,21599766.744,21599522.114,21657747.552,21658076.693,21658406.144,21658735.735,21659065.537,21659395.789,21659725.939,21660056.101,21660386.323,21597082.188,21596840.792,21596596.607,21661710.554,21662042.161,21662374.021,21662705.976,21663038.068,21663370.491,21663703.213,21664036.119,21664369.098,21664701.548,21665033.473,21665365.516,21665697.402,21666029.447,21666361.593,21666693.914,21667025.882,21667357.952,21667690.619,21668023.332,21668356.222,21668689.075,21669021.994,21669355.253,21669688.751,21670022.437,21670356.238,21670690.207,21671024.393,21671358.852,21671693.655,21672028.263,21672362.828,21672697.592,21588041.317,21587798.239,21587554.649,21587311.351,21587068.267,21674709.304,21675045.156,21586341.38,21586096.426,21585854.697,21676389.662,21585371.854,21677063.198,21677400.41,21677735.909,21678074.713,21678411.753,21678748.999,21679087.946,21583434.323,24236817.155,22654610.046,21582710.197,21582466.771,21681110.599,21681445.568,21581733.08,21581489.091,21581244.518,21581002.838,21580760.578,21580517.709,21580277.613,21580033.264,21579789.551,21579545.103,21579300.25,21579057.049,21578813.629,21578571.29,21578328.161,21578084.557,21577840.806,21577597.404,21577353.975,21688166.824,21688502.787,21688839.324,21689176.043,21689512.793,21689849.644,21690186.664,21690523.863,21690861.434,21691199.878,21691537.825,21691876.207,21692214.558,21692552.786,21692890.732,21693228.97,21693567.433,21693906.169,21694245.825,21694585.169,21694925.162,21695264.897,21695603.367,21695945.37,21696287.694,21696625.292,21696965.692,21697306.672,21697646.573,21697987.312,21698328.081,21698669.07,21699010.153,21699351.337,21699692.648,21700034.303,21700376.028,21700718.014,21701060.189,21701402.525,21701745.05,21702087.771,21702430.635,21702773.655,21703116.696,21703460.097,21703803.749,21704147.698,21704491.682,21704835.578,21705179.524,21705523.683,21705867.905,21706212.421,21706557.191,21706902.095,21707247.155,21707592.467,21707937.901,21708283.399,21708628.92,21708974.625,21709320.616,21709666.614,21710012.787,21710359.101,21710705.678,21711052.347,21711399.312,21711746.387,21712093.792
21614639.777,21614389.461,21614139.039,21613888.688,21613638.522,21613388.154,21613137.708,21612887.416,21612637.11,21612386.801,21612136.866,21611887.039,21611637.702,21611387.486,21611137.93,21610888.486,21610639.339,21610389.957,21610140.59,21609891.501,21609642.066,21609391.764,21609141.618,21608891.546,21504833.224,21608391.226,21608140.842,21607890.978,21607641.857,21607393.239,21607145.309,21606897.383,21606649.73,21606401.966,21606154.84,21605907.817,21605660.754,21605413.973,21605167.579,21604921.318,21511749,21604428.435,21604182.543,21513052.442,21603694.295,21603445.794,21603200.309,21602955.72,21515229.973,21602466.944,21602218.469,21601973.449,21601727.372,21601482.657,21517844.434,21600991.207,21600745.898,21600500.882,21600256.11,21520026.243,21520462.915,21520899.79,21599277.783,21599033.363,21598789.097,21598544.789,21598300.554,21598056.278,21597812.073,21597567.962,21597323.857,23050865.473,23050734.75,21526149.989,21596348.381,21596105.036,21595860.455,21595615.044,21595371.132,21595126.834,21594883.964,21594640.441,21594396.586,21594152.201,21593907.272,21593662.274,21593416.931,21593171.815,21592926.815,21592681.762,21592436.489,21592191.189,21591946.323,21591701.429,21591456.776,21591212.149,21590967.461,21590722.993,21590478.534,21590234.511,21589990.392,21589746.421,21589502.585,21589258.988,21589015.445,21588771.864,21588528.099,21588284.58,21541495.182,21541935.625,21542375.975,21542816.405,21543257.267,21586825.306,21586582.566,21544580.087,21545022.866,21545463.998,21545901.327,21546344.909,21585127.821,21584885.548,21584643.17,21584404.106,21584162.243,21583917.32,21583676.177,23043334.008,21755650.404,28544742.341,23042928.396,23042793.116,21582220.837,21581975.795,23042387.932,23042250.485,23042115.424,22179745.092,22179805.545,22179863.314,22179923.206,22179984.875,22180045.293,21556969.545,21557408.97,21557850.821,21558291.996,21558738.181,21559181.5,21559623.488,21560066.02,21560508.88,21560951.726,21577110.69,21576867.218,21576623.963,21576380.992,21576138.106,21575895.181,21575652.346,21575409.446,21575166.787,21574924.933,21574682.856,21574441.507,21574200.132,21573958.428,21573716.644,21573474.863,21573233.006,21572990.785,21572748.976,21572506.581,21572264.915,21572020.277,21571779.445,21571540.356,21571298.456,21571055.04,21570814.784,21570573.696,21570332.363,21570090.757,21569849.247,21569607.889,21569366.584,21569125.376,21568884.303,21568643.275,21568402.446,21568161.628,21567921.051,21567680.596,21567440.227,21567199.97,21566959.881,21566719.854,21566479.745,21566239.938,21566000.355,21565760.841,21565521.221,21565281.55,21565042.032,21564802.508,21564563.069,21564323.855,21564084.788,21563845.728,21563606.968,21563368.278,21563129.727,21562891.105,21562652.499,21562414.061,21562175.863,21561937.668,21561699.285,21561461.173,21561223.254,21560985.369,21560747.617,21560509.969,21560272.631
21494535.348,21494963.491,21495391.545,21495819.769,21496248.034,21496676.215,21497104.359,21497532.655,21497961.072,21498389.633,21498818.486,21499247.385,21499676.921,21500105.662,21500534.971,21500964.593,21501394.595,21501824.316,21502254.344,21502684.889,21503115.047,21503544.486,21503974.081,21504403.666,22173008.442,21505263.182,21505692.806,21506122.89,21506553.662,21506985.077,21507417.145,21507849.253,21508281.652,21508714.243,21509147.259,21509580.418,21510013.466,21510447.087,21510880.968,21511315.026,22173958.872,21512183.263,21512617.899,22174140.747,21513487.683,21513923.433,21514359.095,21514794.421,22174446.426,21515665.583,21516101.079,21516536.595,21516972.256,21517408.238,22174811.213,21518280.578,21518716.615,21519152.986,21519589.564,21891478.052,23052292.251,22175233.425,21521336.679,21521774.834,22175420.484,21522651.833,23051512.006,23051381.872,21523964.422,21524401.75,23050995.486,21884950.648,21884408.805,23050602.678,21526585.554,21527023.217,21527459.952,21527899.798,21528336.118,21528775.153,21529213.483,21529652.126,21530090.733,21530528.837,21530966.42,21531404.066,21531841.469,21532279.103,21532716.812,21533154.715,21533592.112,21534029.715,21534467.67,21534905.759,21535344.009,21535782.329,21536220.587,21536659.349,21537098.034,21537536.923,21537976.121,21538415.518,21538855.031,21539294.795,21539734.667,21540174.571,21540614.492,21541054.659,23045921.707,23045782.949,23045645.162,23045510.532,21862810.419,21543698.047,21544139.142,23044959.67,23044817.114,23044674.4,23044537.581,23044404.22,21546787.251,23044134.09,23044002.102,23043867.961,23043732.616,23043599.098,23043468.945,21854759.437,25442807.433,25072238.681,21853152.966,21852613.158,23042657.456,23042520.779,21851007.679,21850467.079,21849932.002,23041980.561,23041846.397,23041713.689,23041584.33,23041448.374,23041311.737,22180099.381,22180158.245,22180214.139,22180272.926,22180331.242,22180388.719,22180446.034,22180503.06,22180560.263,22180617.477,21561394.78,21561837.834,21562280.973,21562724.513,21563168.1,21563611.721,21564055.472,21564499.151,21564942.867,21565387.371,21565831.54,21566276.713,21566721.931,21567166.857,21567611.674,21568056.687,21568501.912,21568946.896,21569392.006,21569836.683,21570282.079,21570725.412,21571172.284,21571616.563,21572061.427,21572508.288,21572954.282,21573399.626,21573845.081,21574291.055,21574737.12,21575183.181,21575629.521,21576075.946,21576522.522,21576969.279,21577416.124,21577863.226,21578310.56,21578757.918,21579205.551,21579653.385,21580101.359,21580549.378,21580997.53,21581446.078,21581894.705,21582343.568,21582792.375,21583241.17,21583690.008,21584139.054,21584588.202,21585037.538,21585487.086,21585936.897,21586386.758,21586836.884,21587287.091,21587737.285,21588187.499,21588637.934,21589088.783,21589539.578,21589990.439,21590441.404,21590892.734,21591343.951,21591795.517,21592247.348,21592699.342
22171611.876,22171670.4,22171728.742,22171787.139,22171845.637,22171903.905,22171962.124,22172020.174,22172078.206,22172136.417,22172194.514,22172253.322,22172307.566,22172366.104,22172422.406,22172483.176,22172542.721,22172601.567,22172660.471,22172719.437,22172778.131,22172835.629,22172893.266,22172950.955,23057072.078,22173066.33,22173123.738,22173181.518,22173240.049,22173298.993,22173358.688,22173418.154,22173477.843,22173537.484,22173597.314,22173657.518,22173717.47,22173777.914,22173838.204,22173898.635,23054936.722,22174019.359,22174080.019,23054536.422,22174201.863,22174263.332,22174324.642,22174385.736,23053876.496,22174507.725,22174567.922,22174630.373,22174690.797,22174751.28,21894189.455,22174870.996,22174930.242,22174990.397,22175050.52,21717391.259,21890931.8,23052157.552,22175295.428,22175356.445,21888748.697,23051640.489,21887662.899,21887119.976,23051254.613,23051124.954,21885492.538,21853508.584,21853580.505,21883867.431,23050468.955,23050339.872,22176151.826,22176209.866,22176270.936,22176332.659,22176395.551,22176453.965,22176514.382,22176574.464,22176631.125,22176686.869,22176746.161,22176806.622,23048563.926,23048433.754,23048296.633,23048161.993,23048028.903,23047899.572,21872516.507,21871976.041,23047500.63,23047374.96,23047237.714,21869816.312,21869276.804,21868737.491,23046711.68,23046581.09,21867120.09,23046318.663,23046188.269,23046058.038,21864964.524,21864425.973,21863887.257,21863348.865,21856951.172,23045241.734,23045101.946,21861196.125,21860658.289,21860120.629,21859583.352,21859046.362,23044268.431,21857977.162,21857444.44,21856906.98,21856370.445,21855837.059,21855296.513,21858328.143,28545082.87,37216312.51,21858602.996,21858694.894,21852077.295,21851542.925,21858967.196,21859061.786,21859154.711,21849391.83,21848855.512,21848317.857,21847779.485,21847243.707,21846707.597,23041173.364,23041032.218,23040889.165,23040746.609,23040606.881,23040470.674,23040333.645,23040195.666,23040058.153,23039921.003,22180674.891,22180732.015,22180789.075,22180846.572,22180904.166,22180961.578,22181018.528,22181074.721,23038684.558,23038549.848,23038415.465,22181305.986,23038153.765,23038015.635,23037878.037,23037739.667,23037600.95,22181651.209,22181711.883,22181771.866,22181829.088,22181885.622,22181943.966,22182000.639,22182057.624,22182114.042,23036247.912,23036124.383,22182282.218,22182338.651,22182394.43,22182452.177,23035457.226,22182567.75,22182625.918,22182684.803,22182741.281,23034777.255,22182855.079,22182911.49,22182970.149,22183027.636,22183083.49,22183141.273,22183199.709,22183257.662,22183315.819,22183372.57,22183430.67,22183488.468,22183547.208,22183606.364,22183665.573,22183723.477,22183783.291,22183841.972,22183900.263,22183960.109,22184019.096,22184077.873,22184135.339,22184194.134,22184253.155,22184311.621,22184369.907,22184428.246,22184487.156,22184545.483,22184602.478,22184661.672,22184719.797
23060306.409,23060172.06,23060037.575,23059902.976,23059768.402,23059633.649,23059498.707,23059363.722,23059228.649,23059093.802,23058959.202,23058824.958,23058688.756,23058553.02,23058418.288,23058281.158,23058147.239,23058012.01,23057875.719,23057740.965,23057609.014,23057473.442,23057338.76,23057203.903,21910515.385,23056939.299,23056804.205,23056668.174,23056534.853,23056400.608,23056267.914,23056135.641,23056001.624,23055869.396,23055736.7,21904503.116,23055472.69,23055338.177,23055206.086,23055073.243,21901781.688,23054801.903,23054668.429,21900151.287,23054405.155,23054272.858,23054141.749,23054007.479,21897442.919,23053746.614,23053615.91,23053484.292,23053352.759,21852053.25,21852135.455,23052955.417,23052821.745,23052687.271,23052556.053,22669592.241,24180383.133,21890374.903,23052027.26,21889293.058,24183703.005,21888204.627,21853102.36,21853186.563,21886577.531,21886034.981,21853429.445,21724000.192,21724552.458,21853662.495,21853744.248,21882797.271,23050204.88,23050070.208,23049941.062,23049800.933,23049663.068,23049519.293,23049386.495,23049249.977,23049111.582,23048982.427,23048838.378,23048698.168,21875787.844,21875227.193,21874680.033,21874138.641,21873596.471,21873057.315,21855407.35,21855491.395,21871436.039,21870895.914,21870356.029,21855829.553,21855914.681,21856000.163,21868198.12,21867659.065,21856257.57,21866581.211,21866042.171,21865503.194,21856602.958,21856689.945,21856776.777,21856863.864,24223561.222,21862272.191,21861734.114,21857217.695,21857307.123,21857398.031,21857488.611,21857585.597,21858512.369,21857778.867,21857870.748,21857962.958,21858055.896,21858147.309,21858237.483,24235990.127,25073924.28,38442824.143,24238476.235,24239303.25,21858784.627,21858877.115,24241781.996,24242613.216,24243436.873,21859247.958,21859340.899,21859432.7,21859524.181,21859617.176,21859707.332,21846165.121,21845625.509,21845086.923,21844547.84,21844009.872,21843471.758,21842933.18,21842394.665,21841856.406,21841317.989,23039782.832,23039643.204,23039505.69,23039369.217,23039231.552,23039096.514,23038958.671,23038825.46,21836476.986,21835939.777,21835402.148,23038283.668,21834327.844,21833790.539,21833253.078,21832716.053,21832179.324,23037464.253,23037324.278,23037187.517,23037049.179,23036913.943,23036779.74,23036642.982,23036504.915,23036369.257,21826825.489,21826290.327,23035997.713,23035864.783,23035728.924,23035592.679,21823609.738,23035322.435,23035187.812,23035051.749,23034916.052,21820937.144,23034637.523,23034498.471,23034361.505,23034224.334,23034087.249,23033949.296,23033812.394,23033676.024,23033541.528,23033407.631,23033274.286,21814539.529,21814006.921,21813474.489,21812942.177,21812410.001,21811877.94,21811346.114,21810814.385,21810282.89,21809751.462,23031715.414,23031580.396,23031443.352,23031308.394,23031175.485,23031039.96,23030904.964,23030769.336,23030632.657,23030498.834,23030363.807,23030227.946
21923678.217,21923129.36,21922580.403,21922031.521,21921482.681,21920933.824,21920384.9,21919836.058,21919287.217,21918738.503,21918190.057,21917641.822,21917098.016,21916546.935,21915993.85,21915448.694,21914899.803,21914351.908,21913803.358,21913256.013,21912708.447,21912160,21911611.737,21911063.674,21849829.299,21909967.389,21909419.033,21908871.036,21908323.989,21907777.193,21907230.964,21906684.922,21906139.084,21905593.366,21905048.173,21850641.677,21903958.378,21903413.931,21902869.926,21902326.126,21851024.193,21901237.575,21900694.481,21851257.043,21899611.849,21899066.646,21898525.946,21897982.273,21851651.847,21896904.013,21851812.388,21851895.95,21895274.77,21714095.915,21714644.981,21893646.367,21893106.515,21892567.048,21892023.568,28568692.423,21717940.74,21718490.564,21889832.762,24182872.655,21720140.134,21720691.935,21721244.266,24186200.117,21853269.598,21853350.036,21723448.303,22666991.512,22666777.472,21725104.96,21725657.602,21853826.118,21882267.82,21881736.008,21881202.819,21880666.167,21880135.105,21879595.308,21879051.375,21878518.784,21877973.186,21877431.828,21876888.13,21876345.624,21854906.331,21854989.747,21855072.962,21855156.319,21855239.938,21855323.614,24208679.678,24209508.999,21855575.485,21855660.083,21855744.733,24212813.201,24213639.026,24214466.875,21856085.805,21856171.565,24216949.455,21856343.785,21856429.843,21856516.305,24220254.586,24221081.444,24221905.565,24222730.406,21746724.462,21857038.769,21857129.927,24226042.419,24226873.193,24227700.908,24228532.378,24229358.754,21857685.561,24231015.404,24231842.646,24232669.829,24233499.683,24234327.389,24235155.713,21755092.981,24685797.604,37526205.734,21756770.484,21757331.82,24240128.823,24240951.578,21758987.61,21759546.319,21760103.516,21760659.673,24245087.728,24245911.27,24246736.24,24247563.034,24248385.753,21859801.023,21859892.506,21859983.133,21860074.051,21860167.784,21860261.223,21860357.411,21860449.876,21860540.857,21860633.833,21840779.783,21840241.308,21839703.315,21839165.437,21838627.72,21838089.993,21837552.294,21837014.674,21861424.456,21861507.764,21861600.283,21834864.925,21861789.209,21861884.31,21861979.552,21862074.837,21862170.291,21831643.055,21831107.79,21830571.146,21830030.143,21829494.716,21828960.846,21828431.681,21827900.265,21827362.062,21863131.007,21863226.249,21825753.311,21825215.178,21824679.401,21824144.516,21863711.284,21823075.138,21822540.616,21822006.146,21821471.47,21864200.51,21820403.394,21819869.73,21819336.168,21818802.776,21818269.551,21817736.326,21817203.157,21816670.246,21816137.483,21815604.881,21815072.246,21865398.691,21865499.521,21865600.61,21865701.844,21865803.426,21865905.427,21866007.594,21866109.98,21866212.579,21866315.318,21809220.126,21808688.776,21808157.681,21807626.821,21807095.871,21806565.013,21806034.377,21805503.928,21804973.456,21804443.144,21803913.111,21803383.206
21848137.356,21848206.151,21848274.929,21848344.036,21848413.151,21848482.261,21848551.441,21848620.803,21848690.29,21848760.022,21848830.081,21848900.466,21848971.545,21849039.334,21849108.962,21849182.469,21849254.185,21849324.504,21849397.126,21849469.417,21849542.066,21849613.665,21849685.626,21849757.558,24150544.673,21849902.476,21849975.166,21850049.619,24153852.345,24154680.681,21850268.32,21850342.815,21850417.153,21850492.23,21850566.826,24159659.78,21850717.578,21850793.493,21850870.062,21850947.219,24163793.971,21851101.401,21851179.097,24166273.052,21851336.249,21851414.26,21851491.417,21851573.407,24170423.292,21851729.253,24172082.727,24172914.509,21851973.104,22670903.331,22670686.88,21852211.493,24177060.899,24177896.004,21852449.268,25040890.079,22669371.767,22669155.338,24182043.876,21719589.4,22668506.634,22668287.322,22668070.352,21721795.08,21722345.443,24187857.936,22667208.323,28564601.067,28564261.674,22666563.368,22666346.595,24192851.499,21853908.063,24194520.429,21854074.882,21854154.607,21854241.461,21854325.873,21854409.118,21854491.009,21854573.889,21854656.979,21854740.033,21854823.049,24203711.038,24204543.253,24205373.574,24206199.244,24207026.979,24207848.233,21736728.582,21737282.485,24210335.952,24211162.897,24211988.954,21739499.881,21740054.854,21740609.848,24215296.283,24216122.572,21742276.397,24217776.889,24218603.405,24219429.955,21744499.545,21745055.725,21745611.722,21746167.881,22658217.175,24224387.744,24225214.164,21748394.68,21748951.65,21749508.772,21750066.019,21750623.644,24230186.755,21751744.968,21752306.823,21752867.103,21753425.093,21753984.48,21754540.623,22655029.931,36837042.338,23666552.069,22654403.791,22654194.326,21757882.343,21758432.533,22653559.405,22653351.499,22653140.543,22652930.752,21761216.629,21761773.089,21762329.699,21762886.388,21763441.659,24249199.755,24250015.363,24250835.938,24251656.506,24252477.735,24253306.421,24254129.542,24254951.263,24255772.258,24256596.444,21860727.435,21860819.352,21860908.485,21860999.423,21861089.596,21861178.782,21861260.917,21861338.324,24263996.671,24264827.728,24265648.298,21861694.862,24267299.992,24268129.922,24268956.646,24269773.578,24270591.869,21862265.802,21862362.988,21862457.491,21862548.843,21862646.35,21862743.82,21862839.934,21862938.579,21863036.526,24278858.217,24279676.004,21863323.719,21863420.436,21863517.106,21863614.139,24283814.97,21863808.603,21863906.155,21864004.033,21864102.187,24287939.736,21864299.202,21864397.961,21864497.242,21864596.676,21864696.133,21864795.783,21864895.661,21864995.918,21865096.407,21865197.088,21865297.878,24297850.993,24298676.952,24299502.709,24300328.715,24301154.571,24301980.855,24302806.823,24303633,24304459.132,24305285.388,21866418.079,21866520.838,21866624.038,21866727.656,21866831.362,21866935.086,21867039.046,21867143.355,21867247.759,21867352.474,21867457.405,21867562.612
24130685.338,24131513.178,24132340.613,24133168.15,24133995.603,24134823.077,24135650.386,24136477.638,24137304.909,24138132.295,24138959.792,24139787.277,24140614.636,24141441.812,24142272.595,24143102.51,24143927.558,24144752.559,24145573.752,24146404.65,24147230.849,24148062.782,24148890.105,24149717.861,21698239.422,24151370.873,24152195.214,24153024.992,21700411.012,21700955.413,24155503.868,24156330.096,24157158.213,21703137.081,24158823.766,21704229.833,24160484.837,24161312.288,24162143.813,24162968.269,21706966.336,24164620.097,24165447.718,21708609.209,24167103.523,24167932.219,24168763.111,24169594.677,21711352.535,24171250.999,21712449.763,21712998.469,24173742.933,28570743.956,28570407.999,21715194.2,21715743.142,21716292.379,21716841.876,25060308.061,28568355.311,28568012.423,21719039.969,22668723.417,28566985.834,28566643.568,28566302.484,22667854.353,22667639.114,21722896.937,28564942.615,25046231.876,25046678.555,28563921.233,28563585.96,21726210.591,24193685.409,21727316.923,24195359.207,24196206.912,24197054.164,24197893.886,24198727.516,24199567.664,24200398.69,24201225.255,24202051.744,24202881.394,21733411.148,21733961.302,21734514.822,21735065.444,21735618.661,21736173.832,22662044.134,22661833.195,21737836.519,21738390.682,21738945.128,22660969.806,28554700.025,22660543.048,21741164.962,21741720.545,22659913.26,21742832.015,21743387.551,21743943.411,22659067.369,22658856.422,22658639.816,22658427.731,25443818.816,21747281.177,21747837.958,22657576.8,22657354.757,22657140.867,22656922.217,22656707.483,21751186.982,22656290.18,22656081.71,22655873.734,22655665.218,22655455.718,22655240.731,25442868.568,37936186.783,23811125.687,25442677.645,25442615.073,22653979.464,22653768.56,25442424.138,25442358.639,25442292.738,25442228.911,22652721.677,22652511.949,22652302.481,22652093.526,22651883.137,21763997.142,21764552.28,21765107.168,21765662.885,21766219.274,21766775.312,21767330.932,21767886.409,21768442.14,21768998.06,21769554.008,24258248.928,24259073.46,24259892.676,24260710.638,24261528.643,24262352.064,24263173.007,21774008.133,21774566.719,21775124.873,24266477.007,21776241.666,21776799.908,21777357.964,21777915.932,21778474.124,24271410.136,24272244.032,24273075.119,24273897.266,24274723.368,24275553.27,24276377.155,24277203.603,24278027.75,21784070.845,21784631.22,24280501.421,24281328.277,24282155.764,24282987.754,21787436.128,24284639.477,24285464.629,24286289.475,24287114.427,21790244.318,24288765.481,24289591.374,24290417.124,24291242.687,24292068.497,24292894.331,24293720.069,24294546.06,24295372.356,24296198.573,24297024.639,21796999.849,21797563.532,21798127.392,21798691.401,21799255.653,21799820.076,21800384.667,21800949.485,21801514.491,21802079.586,24306111.534,24306937.336,24307763.358,24308589.52,24309415.55,24310241.301,24311067.34,24311893.396,24312719.532,24313545.836,24314372.21,24315198.855
21685221.889,21685763.57,21686304.975,21686846.657,21687388.379,21687930.14,21688471.887,21689013.814,21689555.847,21690098.025,21690640.513,21691183.336,21691726.143,21692268.751,21692811.643,21693354.673,21693897.461,21694440.39,21694983.33,21695526.692,21696069.571,21696611.826,21697154.255,21697696.858,22677330.556,21698782.212,21699324.538,21699867.282,22676422.319,22676199.731,21701500.458,21702045.811,21702591.378,28577553.121,21703683.295,28576884.071,21704776.576,21705324.056,21705871.506,21706419.168,22673764.248,21707513.703,21708061.448,22673092.629,21709157.787,21709706.808,21710255.424,21710803.834,22671997.593,21711901.156,22671555.876,22671337.598,21713547.166,25038218.709,25038666.108,22670469.391,22670250.923,22670032.149,22669810.975,24688813.189,25041334.303,25041777.785,22668939.532,28567329.93,25043113.591,25043558.94,25044003.662,28565963.595,28565619.9,22667423.105,25045785.975,25062690.563,25062886.072,25047125.427,25047571.362,22666132.465,21726763.753,22665701.344,21727870.314,21728423.922,21728977.975,21729532.132,21730086.438,21730639.978,21731191.542,21731746.629,21732298.806,21732854.751,22663337.845,22663115.654,22662893.773,22662676.566,22662463.821,22662254.694,28556767.239,28556418.658,22661615.24,22661400.675,22661186.916,28555042.105,25059203.738,28554356.125,22660333.593,22660124.005,28553333.411,22659704.222,22659496.811,22659281.332,28551952.838,28551609.374,28551264.766,28550918.744,28550574.072,22658003.532,22657791.988,25443632.164,25443568.322,25443513.937,25443448.663,28548160.681,22656499.194,25443246.003,25443180.522,25443122.309,25443061.92,25443004.584,25442933.06,28545427.821,37526249.57,NaN,25072685.882,25073144.086,25442553.207,25442488.744,25074483.238,25074934.626,25075383.276,25075843.698,25442165.05,25442100.262,25442035.857,25441971.923,25441906.005,22651673.355,22651463.318,22651253.209,22651043.712,22650835.279,22650626.268,22650417.067,22650207.791,22649998.767,22649789.866,25441181.833,21770110.004,21770666.332,21771222.996,21771779.82,21772336.455,21772893.224,21773450.325,22647925.078,22647719.87,22647512.786,21775683.256,22647117.324,22646908.243,22646700.245,22646487.3,22646277.712,21779032.899,21779592.674,21780152.158,21780712.52,21781271.388,21781835.147,21782389.911,21782947.698,21783507.803,22644224.684,22644023.005,21785192.057,21785752.99,21786313.945,21786874.849,22643015.797,21787997.433,21788558.897,21789120.399,21789682.242,22642017.294,21790806.36,21791368.631,21791930.988,21792493.699,21793056.433,21793619.306,21794182.319,21794745.454,21795308.971,21795872.606,21796436.201,22639596.125,22639396.465,22639196.768,22638997.316,22638798.264,22638599.597,22638401.097,22638202.842,22638004.802,22637806.823,21802644.74,21803209.951,21803775.218,21804340.874,21804906.552,21805472.266,21806038.191,21806604.396,21807170.643,21807737.226,21808303.831,21808870.617
22682806.696,22682577.211,22682347.614,22682118.243,22681888.7,22681659.419,22681430.211,22681201.23,22680972.235,22680743.852,22680515.627,22680287.619,22680062.475,22679833.357,22679608.683,22679381.506,22679154.139,22678923.217,22678694.693,22678466.46,22678239.282,22678011.188,22677783.597,22677555.848,25449459.953,22677102.721,22676875.114,22676649.232,25449189.253,25449127.118,22675978.829,22675755.443,22675530.201,25029337.177,22675083.431,25030223.379,28576543.05,22674418.458,22674204.033,22673987.792,25448428.543,22673540.1,22673312.948,28574151.232,22672874.481,22672652.255,22672433.141,22672212.716,28572460.259,22671776.711,28571773.747,28571429.773,22671123.144,25059123.028,25059317.167,28570067.323,25447410.625,25447350.544,25447288.323,36834968.374,25060505.983,25060703.672,28567671.316,25042668.378,25061297.774,25061495.736,25061693.742,25044449.412,25044895.096,28565285.134,25062486.027,24688260.542,24688213.676,25063086.092,25063284.701,28563258.265,28562918.687,28562582.872,22665490.718,22665279.759,22665067.642,22664855.046,22664638.826,22664424.541,22664208.422,22663993.44,22663775.423,22663557.641,28558838.803,25054282.044,28558147.825,28557803.378,25055623.764,28557109.092,25056516.947,25056964.319,28556074.664,25057859.879,28555386.592,25058755.31,25068398.517,25059651.146,28554014.226,28553668.814,25060996.627,28552990.575,28552645.871,28552297.965,25062790.799,25063239.897,25063688.534,25064137.432,25064586.276,28550228.726,25443694.399,28549536.815,28549190.176,28548850.55,28548507.503,25067733.106,28547817.614,28547472.978,28547128.697,28546774.255,28546445.711,28546103.168,28545770.16,25071339.347,23666864.034,NaN,25074319.678,25074512.511,25073592.034,25074029.708,25075102.167,25075299.306,25075495.208,25075691.748,25076288.022,25076739.787,25077184.477,25077634.471,25078081.117,25441840.211,25441773.996,25441707.68,25441642.048,25441577.237,25441511.589,25441445.483,25441379.239,25441313.169,25441247.473,25083006.869,25441116.506,22649163.229,22648955.658,22648751.405,22648546.959,22648344.267,22648132.81,25440667.095,25440603.153,25440535.412,22647321.551,25440405.403,25440338.354,25440272.557,25440209.58,25440147.488,22646070.987,22645867.043,22645661.815,22645460,22645256.658,22645051.001,22644845.862,22644636.233,22644431.989,25439507.689,25439444.127,22643822.502,22643619.642,22643417.278,22643215.425,25439126.809,22642811.856,22642611.857,22642412.074,22642214.643,25438810.114,22641811.812,22641606.737,22641403.535,22641200.958,22640998.81,22640797.233,22640596.237,22640395.977,22640195.925,22639996.012,22639796.296,25438059.123,25437997.039,25437934.969,25437872.799,25437810.709,25437748.883,25437686.971,25437624.922,25437563.322,25437501.955,22637608.958,22637411.238,22637213.974,22637017.064,22636820.056,22636623.233,22636426.787,22636230.515,22636034.344,22635838.501,22635642.841,22635447.377
25451098.888,25451030.722,25450962.43,25450893.841,25450825.371,25450756.84,25450688.394,25450620.052,25450551.658,25450483.641,25450415.504,25450348.281,25450281.217,25450213.561,25450145.82,25450077.696,25450009.591,25449942.337,25449874.308,25449806.369,25449737.56,25449668.52,25449598.189,25449526.21,28580640.952,25449391.791,25449320.355,25449256.574,28579256.63,28578927.164,25449063.95,25448999.09,28577893.666,25055179.751,28577229.928,25055572.174,25030667.119,28576204.318,28575863.393,25448495.341,28575170.996,28574836.941,28574490.618,25033773.6,28573817.558,28573479.58,28573141.676,28572800.284,25035996.595,28572116.645,25036885.606,25037329.212,28571085.173,36834795.027,36834828.795,25039110.709,28569728.938,28569387.039,28569039.613,37351874.608,36834995.922,36835019.49,25042223.581,25061099.479,36835105.982,36835134.612,24688491.472,25061891.684,25062089.617,25045340.193,24688307.345,36835308.341,36835337.654,24688163.456,24688111.186,25048018.264,25048464.913,25048922.87,28562257.743,28561916.423,28561577.957,28561233.745,28560893.553,28560548.329,28560209.075,28559864.923,28559519.389,28559180.91,25053833.724,25066236.911,25054729.218,25055175.837,25066825.493,25056071.017,25067218.543,25067414.862,25057411.338,25067808.795,25058308.286,25068201.405,24686961.95,25068595.088,25060099.37,25060547.556,25069186.588,25061444.938,25061893.142,25062342.034,25069974.939,25070172.469,25070369.121,25070566.39,25070763.904,25065035.641,28549881.963,25065934.404,25066383.752,25066833.396,25067283.021,25072145.244,25068183.282,25068633.869,25069084.894,25069535.932,25069987.051,25070437.646,25070889.675,25073726.727,23810922.711,NaN,24685714.318,24685672.834,25074708.446,25074905.721,24685547.426,24685508.073,24685466.39,24685423.073,25075888.193,25076083.906,25076280.059,25076477.144,25076671.946,25078530.351,25078977.313,25079424.65,25079872.257,25080320.702,25080768.983,25081216.525,25081663.865,25082111.685,25082559.187,25078819.807,25083454.924,25441053.48,25440990.99,25084800.04,25085248.494,25440797.335,25440731.717,25086594.37,25087043.226,25087492.363,25087941.544,25088390.791,25088839.961,25089288.332,25089737.588,25090186.399,25440080.842,25440016.929,25439952.107,25439888.978,25439826.823,25439761.999,25439695.621,25439635.877,25439568.845,25094690.404,25095144.245,25439380.632,25439317.359,25439253.865,25439190.442,25097395.971,25439063.433,25439000.013,25438936.457,25438873.291,25099654.339,25438746.989,25438683.763,25438620.731,25438558.096,25438495.453,25438432.656,25438370.237,25438307.856,25438245.887,25438183.747,25438121.471,25105085.243,25105538.315,25105991.647,25106444.973,25106898.39,25107351.898,25107805.756,25108259.766,25108713.956,25109168.055,25437440.447,25437378.838,25437317.457,25437256.401,25437195.189,25437134.048,25437073.03,25437012.005,25436951.075,25436890.133,25436829.412,25436768.974
25014812.117,25015251.768,25015691.38,25016130.707,25016570.244,25017009.763,25017449.236,28586676.554,28586335.44,28585993.049,28585654.202,28585125.44,25020089.799,25020530.176,28584104.532,28583766.514,28583401.167,25022289.352,25022729.231,28582366.942,28582020.372,28581669.133,28581325.193,28580982.3,25025369.411,28580300.282,28579957.776,28579617.399,25027128.813,25027569.287,28578584.422,28578234.122,25028895.04,24690041.344,25029779.566,24689942.976,25055768.421,25031111.205,25031555.124,28575509.535,25032442.113,25032886.677,25033330.674,25057147.225,25034217.628,25034662.055,25035106.306,25035551.222,25058135.863,25036441.644,25058536.702,25058728.317,25037774.503,37351540.675,37351595.122,25059516.42,25039555.366,25040000.262,25040444.102,37221980.07,37351926.154,37351977.322,25060901.516,36835079.182,37352135.08,37352188.812,36835163.27,36835192.332,36835221.343,25062287.741,36835279.097,37352514.233,37352568.345,36835367.349,36835396.891,25063477.248,25063672.723,25063873.119,25049372.663,25049810.342,25050267.644,25050705.971,25051156.887,25051601.38,25052049.865,25052495.584,25052941.914,25053384.084,25066040.36,24687446.568,25066432.856,25066628.894,24687311.852,25067022.138,24687223.532,24687179.717,25067611.808,24687091.752,25068005.068,24687005.593,36836174.343,24686918.951,25068792.168,25068989.031,24686790.805,25069383.629,25069580.699,25069777.815,24686620.63,24686578.776,24686536.583,24686494.685,24686453.078,25070961.488,25065484.99,25071355.929,25071552.953,25071750.154,25071947.354,24686163.295,25072342.94,25072540.369,25072738.452,25072936.604,25073134.346,25073331.998,25073529.412,24685837.16,NaN,NaN,36837104.244,36837135.674,24685626.757,24685587.416,36837229.431,36837258.03,36837291.438,36837319.342,24685381.994,24685339.958,24685298.589,24685257.975,24685215.095,25076867.466,25077062.636,25077257.551,25077452.949,25077649.02,25077844.491,25078039.302,25078234.253,25078429.404,25078624.555,24684751.089,25079014.864,25083903.087,25084351.517,25079600.714,25079796.016,25085696.621,25086145.791,25080382.84,25080579.555,25080775.313,25080972.173,25081168.922,25081365.507,25081561.264,25081757.172,25081953.185,25090636.412,28530105.984,25091537.898,25091989.267,25092437.256,25092886.288,25093350.4,25093793.322,25094242.724,25083908.753,25084105.893,25095594.192,25096046.288,25096493.01,25096943.542,25085085.126,25097847.798,25098299.295,25098751.083,25099202.705,25086065.262,25100106.206,25100558.36,25101010.487,25101462.9,25101915.208,25102367.775,25102820.674,25103273.297,25103725.954,25104179.108,25104632.355,25088426.779,25088623.722,25088820.731,25089017.702,25089214.677,25089411.813,25089609.218,25089806.696,25090003.952,25090201.36,25109622.045,25110076.174,25110530.241,25110984.833,25111439.208,25111893.584,28513758.805,28513411.665,28513065.091,28512716.182,28512366.077,28512015.293
25048757.651,25048952.182,25049146.879,25049341.189,25049535.725,25049730.212,25049924.327,25017889.095,25018328.731,25018768.395,25019209.2,25019648.893,25051091.918,25051286.058,25020969.18,25021408.168,25021848.558,25052065.955,25052260.811,25023169.799,25023610.496,25024049.878,25024490.314,25024929.802,25053425.331,25025808.956,25026247.943,25026688.108,25054201.038,25054396.51,25028011.525,25028453.132,25054983.879,36834214.494,25055375.98,36834270.245,24689894.102,25055965.417,25056162.629,25031998.688,25056556.718,25056753.554,25056950.711,24689572.914,25057344.865,25057543.363,25057741.298,25057938.414,24689334.261,24689287.535,24689239.781,24689191.193,25058926.508,37222474.053,37222391.775,36834855.832,25059714.598,25059912.427,25060110.19,37705461.503,37221897.231,37221812.437,36835050.089,37352083.64,37221566.568,37221484.205,37352243.523,37352298.408,37352353.078,36835250.244,37352460.047,37220991.779,37220910.102,37352622.671,37352677.035,24688064.86,24688023.958,24687979.398,25064069.465,25064267.919,25064467.513,25064663.805,25064861.838,25065059.007,25065255.85,25065451.989,25065647.889,25065844.08,24687491.415,36835845.804,24687401.213,24687356.394,36835936.716,24687267.803,36835996.053,36836025.593,24687135.38,36836084.77,24687048.733,36836144.382,37354084.168,36836204.4,24686876.027,24686833.103,36836295.256,24686748.337,24686705.481,24686663.101,36836416.573,36836447.123,36836477.571,36836507.948,36836538.454,24686411.316,25071158.968,24686328.216,24686286.813,24686245.331,24686204.514,36836754.7,24686122.478,24686081.353,24686041.386,24686000.809,24685959.656,24685919.107,24685878.775,36837010.339,NaN,NaN,37216232.527,37355776.862,36837165.17,36837195.272,37355936.568,37355989.717,37356045.231,37215661.998,36837349.392,36837377.57,36837405.08,36837436.445,36837465.217,24685173.044,24685130.116,24685087.329,24685044.935,24685003.508,24684961.797,24684919.495,24684877.235,24684835.061,24684793.053,36837773.417,24684709.247,25079210.053,25079405.316,24684585.407,24684544.301,25079991.718,25080187.037,24684421.806,24684382.617,24684342.539,24684303.197,24684263.938,24684224.189,24684184.508,24684145.024,24684105.375,25082149.058,25091087.142,25082539.643,25082735.157,25082931.818,25083126.306,25083322.516,25083519.828,25083712.717,24683718.849,24683681.305,25084300.877,25084497.049,25084693.014,25084889.209,24683488.72,25085280.878,25085476.744,25085672.692,25085868.993,24683300.433,25086261.911,25086458.576,25086655.231,25086851.766,25087048.429,25087245.04,25087441.585,25087638.545,25087835.637,25088032.7,25088229.664,24682866.297,24682830.912,24682795.385,24682760.137,24682725.248,24682690.655,24682655.963,24682621.17,24682586.848,24682553.001,25090398.749,25090596.224,25090793.585,25090991.448,25091188.844,25091386.463,25112348.208,25112803.035,25113258.048,25113713.189,25114168.449,25114623.91
24691786.506,24691732.472,24691678.339,24691624.428,24691570.539,24691516.625,24691462.822,25050118.88,25050313.189,25050507.612,25050701.638,25050896.561,24691143.193,24691089.975,25051480.974,25051676.043,25051870.959,24690878.996,24690826,25052455.534,25052650.028,25052844.37,25053038.38,25053232.037,24690507.092,25053619.059,25053812.665,25054006.68,24690295.246,24690243.649,25054592.268,25054788.014,24690090.911,37350458.775,24689991.944,37350565.597,36834298.281,24689855.079,24689814.207,25056359.63,24689721.381,24689671.6,24689622.331,36834498.164,24689523.887,24689474.755,24689425.915,24689379.955,36834644.602,36834673.608,36834702.711,36834740.272,36834768.851,37706117.091,37706007.886,37351652.358,36834887.853,36834923.361,24688858.636,38449913.777,37705351.879,37705242.929,37352031.027,37221649.615,37704915.774,37704809.435,37221401.799,37221319.746,37221237.707,37352406.551,37221073.633,37704160.131,37704050.686,37220828.664,37220747.298,36835428.462,37352786.319,36835499.325,24687935.128,24687891.129,24687842.623,24687804.247,24687760.097,24687714.112,24687671.05,24687625.893,24687580.719,24687535.94,36835815.7,37219530.477,36835878.872,36835905.365,37353654.545,36835966.455,37353762.328,37353815.659,36836055.048,37353922.699,36836114.474,37354030.324,37218633.886,37354138.266,36836234.549,36836264.786,37354300.789,36836325.538,36836355.803,36836386.158,37354517.283,37354571.53,37354625.629,37354679.768,37354733.898,36836569.2,24686370.022,36836630.562,36836661.247,36836692.082,36836723.234,37355115.275,36836786.199,36836818.103,36836850.531,36836882.819,36836914.825,36836946.747,36836978.782,37355557.769,NaN,NaN,38442719.023,37216149.336,37355830.235,37355881.972,37215906.436,37215825.001,37215743.617,38442011.419,37356150.496,37356204.773,37356257.216,37356309.65,37356363.633,36837493.501,36837521.589,36837548.606,36837576.764,36837605.747,36837634.203,36837662.071,36837689.82,36837717.635,36837745.48,37356926.631,36837801.237,24684667.872,24684626.487,36837885.71,36837913.841,24684503.101,24684462.124,36837998.534,36838027.109,36838055.202,36838083.692,36838112.223,36838140.533,36838168.486,36838196.678,36838225.171,24684065.664,25082344.825,24683986.691,24683947.543,24683908.277,24683867.126,24683835.96,24683795.974,24683755.909,36838514.439,36838554.246,24683643.477,24683604.248,24683565.437,24683526.889,36838703.114,24683450.541,24683412.542,24683375.141,24683337.79,36838851.272,24683263.442,24683226.507,24683189.475,24683152.961,24683116.611,24683080.312,24683044.184,24683008.323,24682972.814,24682937.22,24682901.678,36839216.388,36839247.094,36839277.875,36839308.762,36839339.697,36839370.914,36839402.204,36839433.542,36839464.951,36839496.358,24682518.57,24682484.519,24682450.607,24682417.118,24682383.497,24682349.758,25091584.012,25091781.59,25091979.152,25092177.176,25092375.072,25092573.172
36833359.942,36833385.91,36833411.671,36833437.347,36833463.161,36833488.824,36833514.45,24691409.331,24691355.469,24691301.999,24691248.823,24691195.456,36833669.792,36833694.523,24691036.993,24690984.546,24690931.25,36833797.067,36833823.143,24690773.779,24690721.107,24690667.915,24690614.09,24690560.553,36833977.601,24690453.821,24690399.995,24690347.507,36834079.45,36834105.724,24690192.492,24690141.467,36834187.151,37224137.11,36834242.262,37223968.053,37350618.901,36834326.598,36834355.162,24689771.905,36834412.495,36834440.943,36834469.632,37350996.787,36834527.444,36834557.017,36834586.372,36834615.438,37351269.867,37351324.087,37351378.367,37351432.603,37351486.518,38450533.02,38450429.802,37222309.11,37351705.801,37351765.259,36834946.165,37944123.208,38449810.319,38449707.193,37221732.389,37705024.494,38449399.156,38449296.236,37704700.496,37704589.728,37704479.17,37221155.711,37704263.487,38448681.518,38448579.286,37703938.558,37703825.77,37352731.463,37220584.961,37220503.961,36835534.498,37220342.322,36835604.774,36835639.072,37353130.832,36835694.067,36835717.516,36835742.277,36835762.965,36835785.067,37219611.943,37702171.738,37353545.946,37353599.615,37219285.242,37353706.729,37219122.269,37219040.764,37353869.068,37218877.707,37353976.464,37218715.134,37700950.532,37218552.803,37354192.415,37354246.559,37218310.498,37354354.955,37354408.901,37354463.083,37217987.659,37217907.323,37217826.769,37217746.154,37217665.718,37354788.214,36836599.86,37354896.837,37354951.131,37355005.621,37355060.272,37217104.517,37355170.29,37355225.711,37355281.384,37355337.035,37355392.462,37355447.569,37355502.91,37216468.051,NaN,NaN,37935953.799,38442621.081,37216066.585,37215986.464,38442319.601,38442221.227,38442114.593,37935136.223,37215581.429,37215499.694,37215417.619,37215336.591,37215253.311,37356414.614,37356465.797,37356516.842,37356567.962,37356620.118,37356671.607,37356722.574,37356773.435,37356824.629,37356875.541,37214337.698,37356977.566,36837829.24,36837857.455,37357131.424,37357182.766,36837941.984,36837970.236,37357336.463,37357388.047,37357439.232,37357490.81,37357542.421,37357593.821,37357644.901,37357696.227,37357747.849,36838254.335,24684026.471,36838320.882,36838348.041,36838378.633,36838404.644,36838435.449,36838466.312,36838478.71,37358265.496,37358315.903,36838582.347,36838610.569,36838642.678,36838672.998,37358576.237,36838732.707,36838762.167,36838791.589,36838821.385,37211312.037,36838881.221,36838911.135,36838941.201,36838971.44,36839001.695,36839032.069,36839062.469,36839093.104,36839123.961,36839154.867,36839185.688,37359470.637,37359523.375,37359576.143,37359628.927,37359681.664,37359734.833,37359787.965,37359841.185,37359894.201,37359947.436,36839527.824,36839559.076,36839590.644,36839622.486,36839654.012,36839685.735,24682316.427,24682283.145,24682249.913,24682216.983,24682184.535,24682152.043
37348747.25,37348799.357,37348851.319,37348903.209,37348955.161,37349007.135,37349058.906,36833540.211,36833565.801,36833591.481,36833617.29,36833643.553,37349372.814,37349421.141,36833721.155,36833745.483,36833769.886,37349629.078,37349681.637,36833849.582,36833876.054,36833901.414,36833926.832,36833952.309,37349990.551,36834003.134,36834028.037,36834053.409,37350195.239,37350247.546,36834132.745,36834159.756,37350405.785,37708308.158,37350511.967,37708087.712,37223884.257,37350672.617,37350726.74,36834384.157,37350834.945,37350888.721,37350942.729,37223297.625,37351051.456,37351106.383,37351161.244,37351215.605,37222888.393,37222806.034,37222722.767,37222639.869,37222556.848,37944809.417,37944695.188,37705898.455,37222226.225,37222143.574,37351819.975,37529413.453,37944009.167,37943895.237,37705133.743,38449500.76,37943552.806,37943440.873,38449191.124,38449088.593,38448987.727,37704372.174,38448783.838,37942760.063,37942649.143,38448477.43,38448375.396,37220666.074,37703606.424,37703494.482,37220423.119,37703275.591,37353029.201,37353079.1,37220101.112,37353179.362,37353232.199,37353284.703,37353337.865,37353390.969,37702282.632,38446854.559,37219448.452,37219366.578,37701837.901,37219203.778,37701615.712,37701504.5,37218959.223,37701282.884,37218796.385,37701061.245,38445735.318,37700839.818,37218471.904,37218391.125,37700508.502,37218229.777,37218148.999,37218068.249,37700066.391,37699958.524,38444725.596,38444624.733,38444523.912,37217585.344,37354842.538,37217424.578,37217344.355,37217264.141,37217184.252,38443820.287,37217024.765,37216945.377,37216867.417,37216788.531,37216707.482,37216627.609,37216547.629,38443023.421,NaN,NaN,37526158.606,37935836.708,38442524.353,38442423.389,37935487.034,37935370.292,37935253.705,37525837.056,38441908.325,37696643.969,37696531.279,37696421.171,37696309.034,37215170.388,37215086.8,37215003.234,37214919.927,37214837.605,37214754.75,37214671.373,37214587.787,37214504.419,37214420.961,37695073.592,37214254.233,37357028.61,37357080.033,37214005.27,37213922.222,37357234.013,37357285.291,37213674.073,37213592.246,37213509.796,37213427.859,37213345.714,37213263.451,37213180.811,37213098.246,37213016.068,37357799.607,36838284.392,37212771.551,37357958.623,37212610.751,37212526.825,37212446.265,37212365.461,37212284.615,37212204.184,37212122.73,37358368.487,37358421.133,37358473.436,37358524.3,37211716.671,37358628.334,37358680.225,37358732.304,37358784.572,37690924.936,37358889.441,37358941.871,37358994.674,37359047.443,37359100.229,37359153,37359205.909,37359258.805,37359311.702,37359364.765,37359417.835,37210350.652,37210271.005,37210191.145,37210111.461,37210031.97,37209952.61,37209873.291,37209794.085,37209715.097,37209635.999,37360000.77,37360053.831,37360107.073,37360160.849,37360214.468,37360267.746,36839717.395,36839749.369,36839781.338,36839813.52,36839845.753,36839878.134
37226976.622,37226890.545,37226804.442,37226718.156,37226631.963,37226545.6,37226459.233,37349110.586,37349162.244,37349214.006,37349265.946,37349318.147,37225940.356,37225855.307,37349475.291,37349524.268,37349575.946,37225511.331,37225424.593,37349733.92,37349785.764,37349836.882,37349888.235,37349939.546,37224906.259,37350041.71,37350092.436,37350143.465,37224551.02,37224471.1,37350300.244,37350352.82,37224220.98,38452601.318,37224052.153,38452392.727,37707977.464,37223800.803,37223717.43,37350780.999,37223551.177,37223467.952,37223384.768,37707209.3,37223221.85,37223138.337,37223050.218,37222969.551,37706664.12,37706554.879,37706445.484,37706335.925,37706226.48,37529696.874,37529649.766,38450326.622,37705788.402,37705679.318,37222059.54,23688783.132,37529364.706,37529317.631,38449604.223,37943667.378,37529175.851,37529128.778,37943324.797,37943214.074,37943098.042,38448886.407,37942874.453,37528847.774,37528801.42,37942535.833,37528708.997,37703714.761,38448172.386,38448071.253,37703385.981,38447869.583,37220261.982,37220181.684,37702947.515,37220020.143,37219938.625,37219857.171,37219775.467,37219693.65,38446956.451,37940689.536,37702060.233,37701948.899,38446548.688,37701726.664,38446345.195,38446243.44,37701393.572,38446039.756,37701172.001,38445836.764,37939413.893,38445634.099,37700729.311,37700618.757,38445331.24,37700398.092,37700287.527,37700176.974,38444927.22,38444826.479,37938259.661,37938144.079,37938028.72,38444423.207,37217504.911,38444221.964,38444121.371,38444020.738,38443920.429,37937221.114,38443720.272,38443620.381,38443520.974,38443423.61,38443320.578,38443220.971,38443120.51,37936300.301,NaN,NaN,23666236.023,37526112.865,37935720.534,37935604.01,37525974.937,37525928.869,37525883.789,23664027.686,37935020.34,38441805.531,38441703.352,38441599.242,38441494.987,37696196.615,37696084.081,37695971.351,37695859.123,37695747.902,37695636.007,37695523.646,37695411.041,37695298.633,37695186.061,38440349.854,37694961.094,37214171.123,37214088.227,37694624.229,37694511.9,37213839.35,37213756.675,37694175.2,37694063.619,37693951.618,37693840.234,37693728.967,37693617.411,37693505.369,37693393.683,37693281.861,37212934.186,37357852.04,37692945.122,37212690.709,37692720.186,37692607.984,37692496.128,37692383.999,37692270.674,37692159.157,37692045.945,37212041.676,37211960.229,37211879.011,37211797.827,37691485.069,37211635.619,37211554.612,37211473.679,37211392.771,38436548.922,37211231.524,37211151.128,37211070.688,37210990.481,37210910.072,37210829.856,37210749.635,37210669.582,37210589.721,37210510.097,37210430.423,37689587.034,37689475.854,37689364.376,37689253.038,37689141.8,37689030.637,37688919.559,37688808.659,37688697.86,37688587.046,37209557.179,37209478.062,37209399.104,37209320.412,37209241.671,37209162.788,37360321.277,37360374.705,37360428.29,37360481.821,37360535.564,37360589.667
37712000.56,37711888.777,37711776.955,37711665.101,37711553.169,37711441.212,37711328.974,37226373.011,37226286.654,37226200.511,37226114.448,37226028.586,37710657.253,37710544.911,37225769.168,37225682.626,37225596.222,37710098.272,37709986.536,37225339.327,37225253.299,37225166.415,37225079.778,37224993.028,37709312.564,37224819.701,37224732.494,37224645.927,37708862.751,37708751.414,37224391.929,37224304.309,37708418.823,37947097.938,37708197.852,37946867.862,38452288.732,37707867.53,37707757.695,37223634.703,37707537.867,37707428.054,37707318.661,38451563.866,37707100.153,37706991.449,37706882.692,37706773.312,38451049.547,38450946.335,38450842.889,38450739.632,38450636.236,23690709.754,23690397.983,37944580.446,38450223.203,38450120.062,37705569.556,23797163.923,23688457.261,23688134.914,37943781.354,37529223.03,23687174.76,23686853.962,37529081.834,37529035.085,37528988.223,37942984.476,37528894.382,23684934.28,23684614.811,37528755.206,23683976.469,38448273.801,37942189.063,37942072.481,38447969.987,37941844.557,37703166.378,37703056.803,38447565.213,37702837.469,37702726.778,37702615.901,37702504.673,37702393.629,37940805.48,37528018.151,38446752.442,38446650.366,37940340.766,38446446.787,37940108.764,37939992.745,38446141.631,37939761.085,38445938.126,37939529.508,37527508.016,37939298.39,38445532.935,38445432.076,37938952.327,38445230.294,38445129.149,38445028.064,37938490.688,37938375.333,37527051.94,37527006.491,37526961.195,37937913.349,38444322.622,37937682.595,37937567.034,37937451.674,37937336.408,37526645.653,37937105.864,37936990.73,37936876.226,37936761.561,37936646.533,37936531.184,37936415.894,37526291.918,NaN,NaN,23811329.044,23665920.322,37526067.142,37526021.767,23664974.199,23664660.884,23664344.693,23812767.271,37525791.646,37934903.429,37934786.717,37934670.427,37934552.333,38441393.465,38441288.155,38441182.539,38441078.457,38440975.137,38440871.343,38440767.155,38440662.701,38440558.424,38440454.114,37933255.825,38440245.476,37694848.604,37694736.535,38439933.653,38439829.77,37694399.713,37694287.404,38439518.69,38439415.873,38439312.435,38439209.354,38439106.188,38439002.787,38438899.001,38438795.36,38438692.074,37693169.651,37212853.103,38438384.864,37692833.304,38438181.636,38438081.36,38437979.916,38437878.325,38437772.414,38437671.483,38437569.021,37691933.785,37691821.564,37691709.287,37691597.188,38437058.285,37691373.09,37691260.889,37691148.706,37691036.737,37928906.602,37690813.146,37690701.498,37690589.879,37690478.381,37690366.805,37690255.246,37690143.679,37690032.345,37689920.963,37689809.755,37689698.412,38435336.144,38435235.418,38435134.643,38435033.92,38434933.467,38434833.164,38434733.066,38434633.014,38434532.972,38434432.911,37688475.992,37688364.991,37688254.151,37688143.526,37688032.681,37687921.852,37209084.074,37209005.662,37208927.153,37208848.833,37208770.624,37208692.52
38456106.491,38456000.246,38455893.999,38455787.618,38455681.359,38455575.026,38455468.505,37711216.913,37711104.61,37710992.568,37710880.723,37710768.735,38454831.986,38454725.549,37710433.062,37710321.32,37710209.936,38454300.577,38454194.553,37709875.168,37709763.401,37709650.697,37709538.135,37709425.489,38453554.168,37709200.168,37709087.166,37708974.633,38453126.573,38453020.906,37708640.505,37708529.626,38452706.023,37530653.226,38452496.804,37530555.424,37946752.813,38452185.179,38452081.851,37707647.991,38451874.706,38451770.995,38451667.481,37945950.049,38451460.929,38451358.421,38451255.756,38451152.602,37945380.43,37945266.415,37945153.544,37945039.034,37944923.201,23795977.53,23796177.422,37529602.962,37944465.727,37944352.308,38450017.041,NaN,23797358.835,23797561.371,37529270.313,23687492.128,23798160.482,23798355.124,23686533.369,23686213.712,23685893.749,37528941.364,23685253.845,23799541.378,23799725.868,23684295.533,23800122.165,37942303.603,37528616.87,37528571.007,37941958.319,37528479.875,38447767.961,38447667.613,37941500.781,38447464.96,38447363.454,38447262.276,38447160.426,38447058.35,37528064.767,23679204.512,37940573.095,37940456.721,37527878.212,37940224.762,37527785.501,37527739.09,37939876.749,37527646.098,37939645.209,37527553.97,23675704.97,37527462.065,37939182.94,37939067.56,37527325.206,37938837.022,37938721.337,37938605.975,37527142.792,37527097.496,23672535.045,23672218.617,23671902.177,37526915.88,37937798.04,37526825.362,37526780.242,37526735.031,37526690.229,23669691.598,37526601.218,37526557.008,37526513.297,37526469.386,37526425.337,37526381.028,37526336.615,23667176.976,NaN,NaN,NaN,23811535.04,23665605.096,23665290.566,23812153.477,23812358.127,23812560.096,NaN,23663715.643,37525745.245,37525698.893,37525652.952,37525604.822,37934434.773,37934316.552,37934198.137,37934080.305,37933963.511,37933845.926,37933728.024,37933609.9,37933491.837,37933373.827,37525080.122,37933137.867,38440141.45,38440037.469,37932784.062,37932666.418,38439725.839,38439622.2,37932313.038,37932196.293,37932079.009,37931962.419,37931846.041,37931729.058,37931611.701,37931494.416,37931376.954,38438589.023,37693057.799,37931023.373,38438282.292,37930789.485,37930670.431,37930553.08,37930435.84,37930318.166,37930200.996,37930083.731,38437466.702,38437364.271,38437262.561,38437160.295,37929494.16,38436956.395,38436854.263,38436752.286,38436650.593,37523364.864,38436447.47,38436345.999,38436244.762,38436143.6,38436042.423,38435941.211,38435839.945,38435739.041,38435638.284,38435537.656,38435436.954,37927499.721,37927382.694,37927265.722,37927148.869,37927032.123,37926915.358,37926798.79,37926682.065,37926565.363,37926448.888,38434332.891,38434232.795,38434132.965,38434033.244,38433933.589,38433833.841,37687811.136,37687700.515,37687589.804,37687479.203,37687368.859,37687258.47
37950946.274,37950829.958,37950713.427,37950596.848,37950480.323,37950363.66,37950246.83,38455362.031,38455255.616,38455149.272,38455043.3,38454937.583,37949547.526,37949430.634,38454619.479,38454513.468,38454406.922,37948965.37,37948848.933,38454088.534,38453982.197,38453874.999,38453768.052,38453661.272,37948145.83,38453447.335,38453339.811,38453232.855,37947676.671,37947560.364,38452915.791,38452810.757,37947213.468,23697123.118,37946982.872,23696478.176,37530506.854,37946637.951,37946523.196,38451978.66,37946293.857,37946179.057,37946065.148,37530171,37945837.535,37945723.339,37945609.882,37945495.544,37529934.681,37529887.213,37529839.56,37529791.801,37529744.116,NaN,NaN,23690081.578,37529555.367,37529509.162,37944237.486,NaN,NaN,NaN,23687815.563,23797959.777,NaN,NaN,23798555.302,23798751.033,23798952.454,23685573.88,23799348.424,NaN,NaN,23799923.634,NaN,37528662.752,23683338.776,23683038.072,37528525.472,23682421.819,37941729.015,37941615.041,37528343.938,37941385.609,37941269.737,37941153.74,37941037.562,37940921.554,23679523.375,23803095.164,37527971.313,37527924.707,23678248.744,37527831.734,23677612.082,23677293.949,37527692.424,23676657.956,37527600.094,23676022.608,23805279.447,23675387.588,37527416.263,37527370.517,23674435.892,37527279.554,37527233.827,37527188.24,23673168.377,23672851.782,23807280.377,23807481.122,23807682,23671585.949,37526870.608,23670953.814,23670637.927,23670322.124,23670006.641,23809093.219,23669376.711,23669062.058,23668748.183,23668434.088,23668119.915,23667805.636,23667491.517,23810720.557,NaN,NaN,NaN,NaN,23811740.352,23811947.521,NaN,NaN,NaN,NaN,23812969.952,23663398.951,23663083.709,23662766.821,23662451.302,37525557.249,37525509.343,37525461.02,37525413.437,37525366.814,37525319.415,37525271.443,37525223.264,37525175.468,37525127.812,23658966.06,37525032.162,37933019.64,37932901.882,37524889.843,37524842.471,37932548.599,37932430.681,37524700.568,37524654.1,37524607.199,37524560.834,37524514.345,37524467.449,37524420.288,37524373.272,37524326.678,37931259.116,38438487.301,37524188.119,37930906.006,37524099.55,37524052.39,37524006.812,37523960.152,37523913.001,37523865.928,37523823.508,37929965.561,37929847.702,37929729.711,37929611.804,37523592.525,37929376.322,37929258.55,37929140.831,37929023.289,23647325.569,37928787.224,37928669.993,37928553.163,37928436.047,37928318.493,37928201.288,37928084.612,37927967.543,37927850.636,37927733.856,37927616.893,37522830.163,37522785.837,37522741.556,37522697.415,37522653.358,37522609.572,37522565.956,37522522.237,37522478.589,37522435.106,37926332.196,37926215.474,37926098.817,37925982.459,37925865.918,37925749.247,38433734.088,38433634.705,38433535.354,38433436.029,38433336.953,38433238.037
37532332.423,37532281.468,37532230.356,37532179.304,37532128.162,37532077.069,37532025.744,37950130.049,37950013.343,37949896.651,37949780.057,37949663.503,37531720.201,37531668.656,37949314.187,37949197.789,37949081.808,37531464.991,37531414.227,37948732.682,37948616.153,37948498.571,37948381.052,37948263.613,37531106.712,37948028.609,37947910.752,37947793.301,37530901.148,37530851.147,37947444.673,37947329.047,37530702.475,23792075.835,37530604.375,23792462.03,23696156.178,37530458.688,37530410.675,37946408.786,37530314.554,37530266.576,37530218.815,23693904.269,37530123.505,37530076.72,37530029.561,37529982.029,23692301.901,23691983.246,23691667.167,23691342.359,23691023.987,NaN,NaN,23796376.055,23689742.603,23689427.921,37529459.958,NaN,NaN,NaN,23797761.133,NaN,NaN,NaN,NaN,NaN,NaN,23799149.992,NaN,NaN,NaN,NaN,NaN,23683657.667,23800519.648,23800716.698,23682736.291,23801113.396,37528434.506,37528389.286,23681478.41,37528297.984,37528251.557,37528205.138,37528158.339,37528111.503,23802896.849,NaN,23678885.662,23678567.057,23803688.953,23677930.239,23804085.929,23804284.373,23676975.875,23804681.997,23676340.364,23805079.957,NaN,23805478.796,23675070.236,23674752.841,23806078.023,23674118.958,23673801.849,23673484.941,23806879.37,23807079.881,NaN,NaN,NaN,23807883.102,23671269.884,23808285.489,23808486.85,23808688.635,23808890.559,NaN,23809295.671,23809498.497,23809703.793,23809906.182,23810109.274,23810316.132,23810523.439,NaN,NaN,NaN,NaN,NaN,NaN,NaN,NaN,NaN,NaN,NaN,NaN,NaN,NaN,NaN,NaN,23662134.558,23661816.68,23661499.193,23661182.617,23660866.685,23660550.19,23660233.122,23659916.23,23659599.531,23659282.692,23816051.244,23658649.321,37524984.556,37524937.27,23657700.858,23657384.752,37524794.968,37524747.695,23656437.202,23656121.746,23655805.803,23655490.439,23655175.104,23654859.607,23654543.847,23654228.474,23653913.482,37524280.267,37931141.518,23652971.002,37524144.463,23820307.045,23652034.116,23651715.602,23651401.046,23651085.891,23650774.197,23650459.719,37523776.428,37523729.877,37523683.705,37523638.112,23648891.393,37523546.768,37523501.12,37523455.36,37523410.005,23823610.381,37523319.936,37523275.141,37523230.161,37523185.339,37523140.676,37523096.087,37523051.524,37523006.995,37522962.839,37522918.791,37522874.545,23643584.101,23643272.736,23642961.545,23642650.401,23642339.566,23642028.832,23641718.308,23641407.944,23641097.663,23640787.452,37522391.741,37522348.09,37522304.707,37522261.477,37522218.25,37522174.899,37925632.808,37925516.471,37925400.159,37925283.895,37925167.811,37925051.856
23707864.844,23707538.602,23707212.156,23706885.833,23706559.519,23706233.303,23705907.035,37531974.594,37531923.329,37531872.077,37531821.276,37531770.697,23703953.624,23703623.559,37531617.658,37531566.888,37531515.904,23702322.635,23701997.872,37531363.844,37531312.887,37531261.259,37531209.782,37531158.38,23700043.867,37531055.3,37531003.365,37530951.86,23698741.424,23698417.04,37530801.519,37530751.943,23697446.465,NaN,23696800.486,NaN,23792655.612,23695834.12,23695512.083,37530362.721,23694868.685,23694546.928,23694225.751,23794017.859,23693583.64,23693263.485,23692943.151,23692622.712,23794997.787,23795193.872,23795389.905,23795588.049,23795785.037,NaN,NaN,NaN,23796570.75,23796766.223,23689108.119,NaN,NaN,NaN,NaN,NaN,NaN,NaN,NaN,NaN,NaN,NaN,NaN,NaN,NaN,NaN,NaN,23800322.202,NaN,NaN,23800915.04,NaN,23682108.218,23681790.071,23801709.307,23681138.119,23680798.471,23680481.296,23680160.279,23679842.366,NaN,NaN,23803293.029,23803490.704,NaN,23803887.403,NaN,NaN,23804483.003,NaN,23804880.907,NaN,NaN,NaN,23805678.407,23805878.104,NaN,23806278.243,23806478.494,23806678.867,NaN,NaN,NaN,NaN,NaN,NaN,23808084.269,NaN,NaN,NaN,NaN,NaN,NaN,NaN,NaN,NaN,NaN,NaN,NaN,NaN,NaN,NaN,NaN,NaN,NaN,NaN,NaN,NaN,NaN,NaN,NaN,NaN,NaN,NaN,NaN,NaN,NaN,23814405.752,23814614.795,23814822.986,23815027.925,23815234.411,23815441.181,23815645.314,23815848.949,NaN,23816255.153,23658332.806,23658016.731,23816865.452,23817060.759,23657068.925,23656753.069,23817652.836,23817844.447,23818047.168,23818251.68,23818457.412,23818663.447,23818868.083,23819073.132,23819278.739,23653598.774,37524234.48,23819894.907,23820100.525,NaN,23820513.458,23820720.341,23820925.754,23821133.625,23821338.242,23821544.299,23650145.436,23649832.047,23649518.407,23649204.783,23822575.645,23648577.887,23648264.529,23647951.457,23647638.433,NaN,23647013.122,23646700.722,23646388.535,23646076.5,23645764.598,23645452.685,23645140.915,23644829.428,23644518.131,23644206.901,23643895.513,23826112.074,23826321.119,23826530.313,23826739.928,23826949.782,23827159.855,23827370.06,23827580.31,23827790.768,23828001.383,23640477.436,23640167.306,23639857.418,23639547.821,23639238.015,23638928.351,37522131.88,37522088.797,37522045.857,37522003.017,37521960.226,37521917.597
23785794.712,23785983.373,23786171.899,23786360.694,23786549.514,23786738.38,23786927.085,23705580.743,23705254.559,23704928.462,23704602.622,23704276.834,23788063.538,23788253.013,23703299.271,23702974.363,23702648.373,23789013.363,23789203.987,23701672.401,23701347.066,23701021.001,23700695.312,23700369.674,23790347.19,23699718.27,23699392.124,23699066.413,23791113.646,23791304.295,23698093.475,23697769.859,23791883.351,NaN,23792266.627,NaN,NaN,23792848.155,23793042.858,23695190.763,23793432.74,23793627.516,23793822.701,NaN,23794213.312,23794409.618,23794605.867,23794801.713,NaN,NaN,NaN,NaN,NaN,NaN,NaN,NaN,NaN,NaN,23796964.225,NaN,NaN,NaN,NaN,NaN,NaN,NaN,NaN,NaN,NaN,NaN,NaN,NaN,NaN,NaN,NaN,NaN,NaN,NaN,NaN,NaN,23801312.073,23801510.746,NaN,23801907.649,23802105.623,23802303.333,23802500.893,23802698.899,NaN,NaN,NaN,NaN,NaN,NaN,NaN,NaN,NaN,NaN,NaN,NaN,NaN,NaN,NaN,NaN,NaN,NaN,NaN,NaN,NaN,NaN,NaN,NaN,NaN,NaN,NaN,NaN,NaN,NaN,NaN,NaN,NaN,NaN,NaN,NaN,NaN,NaN,NaN,NaN,NaN,NaN,NaN,NaN,NaN,NaN,NaN,NaN,NaN,NaN,NaN,NaN,NaN,NaN,NaN,NaN,NaN,NaN,NaN,NaN,NaN,NaN,NaN,NaN,NaN,NaN,NaN,23816458.079,23816663.036,NaN,NaN,23817257.098,23817453.347,NaN,NaN,NaN,NaN,NaN,NaN,NaN,NaN,NaN,23819484.176,23653285.006,NaN,NaN,NaN,NaN,NaN,NaN,NaN,NaN,NaN,23821750.64,23821956.632,23822162.835,23822369.158,NaN,23822782.209,23822988.864,23823195.773,23823402.961,NaN,23823818.046,23824025.713,23824233.601,23824441.83,23824650.05,23824858.43,23825066.792,23825275.586,23825484.597,23825693.734,23825902.989,NaN,NaN,NaN,NaN,NaN,NaN,NaN,NaN,NaN,NaN,23828211.981,23828422.645,23828633.571,23828844.677,23829055.894,23829267.067,23638618.986,23638309.697,23638000.527,23637691.556,23637382.805,23637074.158
NaN,NaN,NaN,NaN,NaN,NaN,NaN,23787116.065,23787305.187,23787494.287,23787683.745,23787873.322,NaN,NaN,23788442.778,23788632.868,23788823.143,NaN,NaN,23789395.189,23789586.043,23789776.09,23789966.505,23790156.947,NaN,23790537.942,23790730.234,23790920.531,NaN,NaN,23791495.482,23791690.005,NaN,NaN,NaN,NaN,NaN,NaN,NaN,23793238.332,NaN,NaN,NaN,NaN,NaN,NaN,NaN,NaN,NaN,NaN,NaN,NaN,NaN,NaN,NaN,NaN,NaN,NaN,NaN,NaN,NaN,NaN,NaN,NaN,NaN,NaN,NaN,NaN,NaN,NaN,NaN,NaN,NaN,NaN,NaN,NaN,NaN,NaN,NaN,NaN,NaN,NaN,NaN,NaN,NaN,NaN,NaN,NaN,NaN,NaN,NaN,NaN,NaN,NaN,NaN,NaN,NaN,NaN,NaN,NaN,NaN,NaN,NaN,NaN,NaN,NaN,NaN,NaN,NaN,NaN,NaN,NaN,NaN,NaN,NaN,NaN,NaN,NaN,NaN,NaN,NaN,NaN,NaN,NaN,NaN,NaN,NaN,NaN,NaN,NaN,NaN,NaN,NaN,NaN,NaN,NaN,NaN,NaN,NaN,NaN,NaN,NaN,NaN,NaN,NaN,NaN,NaN,NaN,NaN,NaN,NaN,NaN,NaN,NaN,NaN,NaN,NaN,NaN,NaN,NaN,NaN,NaN,NaN,NaN,NaN,NaN,NaN,NaN,NaN,NaN,NaN,23819690.024,NaN,NaN,NaN,NaN,NaN,NaN,NaN,NaN,NaN,NaN,NaN,NaN,NaN,NaN,NaN,NaN,NaN,NaN,NaN,NaN,NaN,NaN,NaN,NaN,NaN,NaN,NaN,NaN,NaN,NaN,NaN,NaN,NaN,NaN,NaN,NaN,NaN,NaN,NaN,NaN,NaN,NaN,NaN,NaN,NaN,NaN,23829478.51,23829690.166,23829901.825,23830113.822,23830325.829,23830538.187
