msgVer,bootType,cpuLoad,cpuLoadMax,memUsage,memUsageMax,ioUsage,ioUsageMax,runTime,noticeCount,warnCount,errorCount,tempValue,reserved0
1,1,50,51,12,27,21,69,214,14,0,0,28,0
1,1,50,51,12,27,21,69,215,14,0,0,30,0
1,1,49,51,12,27,21,69,216,14,0,0,29,0
1,1,49,51,12,27,20,69,217,14,0,0,30,0
1,1,48,51,12,27,21,69,218,14,0,0,30,0
1,1,49,51,12,27,20,69,219,14,0,0,28,0
1,1,48,51,12,27,21,69,220,14,0,0,29,0
1,1,51,51,12,27,21,69,221,14,0,0,30,0
1,1,54,54,12,27,22,69,222,14,0,0,30,0
1,1,50,54,12,27,21,69,223,14,0,0,28,0
1,1,49,54,12,27,21,69,224,14,0,0,29,0
1,1,49,54,12,27,21,69,225,14,0,0,31,0
1,1,47,54,12,27,21,69,226,14,0,0,30,0
1,1,48,54,12,27,21,69,227,14,0,0,32,0
1,1,49,54,12,27,21,69,228,14,0,0,30,0
1,1,53,54,12,27,21,69,229,14,0,0,28,0
1,1,53,54,12,27,21,69,230,14,0,0,29,0
1,1,52,54,12,27,20,69,231,14,0,0,30,0
1,1,52,54,12,27,21,69,232,14,0,0,28,0
1,1,53,54,12,27,21,69,233,14,0,0,28,0
1,1,54,54,12,27,21,69,234,14,0,0,28,0
1,1,53,54,12,27,21,69,235,14,0,0,28,0
1,1,54,54,12,27,21,69,236,14,0,0,30,0
1,1,54,54,12,27,21,69,237,14,0,0,28,0
1,1,53,54,12,27,21,69,238,14,0,0,28,0
1,1,54,54,12,27,21,69,239,14,0,0,29,0
1,1,52,54,12,27,21,69,240,14,0,0,31,0
1,1,52,54,12,27,21,69,241,14,0,0,28,0
1,1,53,54,12,27,21,69,242,14,0,0,27,0
1,1,53,54,12,27,21,69,243,14,0,0,30,0
1,1,51,54,12,27,20,69,244,14,0,0,28,0
1,1,51,54,12,27,21,69,245,14,0,0,28,0
1,1,51,54,12,27,21,69,246,14,0,0,29,0
1,1,51,54,12,27,21,69,247,14,0,0,31,0
1,1,51,54,12,27,21,69,248,14,0,0,28,0
1,1,53,54,12,27,21,69,249,14,0,0,29,0
1,1,49,54,12,27,20,69,250,14,0,0,30,0
1,1,50,54,12,27,21,69,251,14,0,0,31,0
1,1,49,54,12,27,20,69,252,14,0,0,31,0
1,1,50,54,12,27,21,69,253,14,0,0,31,0
1,1,50,54,12,27,21,69,254,14,0,0,30,0
1,1,49,54,12,27,21,69,255,14,0,0,31,0
1,1,49,54,12,27,21,69,256,14,0,0,28,0
1,1,49,54,12,27,21,69,257,14,0,0,30,0
1,1,50,54,12,27,19,69,258,14,0,0,31,0
1,1,51,54,12,27,21,69,259,14,0,0,30,0
1,1,49,54,12,27,21,69,260,14,0,0,31,0
1,1,49,54,12,27,21,69,261,14,0,0,30,0
1,1,48,54,12,27,21,69,262,14,0,0,30,0
1,1,50,54,12,27,21,69,263,14,0,0,29,0
1,1,48,54,12,27,21,69,264,14,0,0,31,0
1,1,47,54,12,27,20,69,265,14,0,0,30,0
1,1,46,54,12,27,20,69,266,14,0,0,31,0
1,1,47,54,12,27,19,69,267,14,0,0,31,0
1,1,50,54,12,27,20,69,268,14,0,0,30,0
1,1,48,54,12,27,21,69,269,14,0,0,33,0
1,1,48,54,12,27,20,69,270,14,0,0,31,0
1,1,48,54,12,27,21,69,271,14,0,0,29,0
1,1,46,54,12,27,20,69,272,14,0,0,32,0
1,1,46,54,12,27,19,69,273,14,0,0,31,0
1,1,46,54,12,27,19,69,274,14,0,0,31,0
1,1,48,54,12,27,19,69,275,14,0,0,29,0
1,1,47,54,12,27,21,69,276,14,0,0,30,0
1,1,48,54,12,27,20,69,277,14,0,0,28,0
1,1,48,54,12,27,21,69,278,14,0,0,29,0
1,1,48,54,12,27,19,69,279,14,0,0,30,0
1,1,48,54,12,27,19,69,280,14,0,0,30,0
1,1,53,54,12,27,21,69,281,14,0,0,32,0
1,1,50,54,12,27,21,69,282,14,0,0,30,0
1,1,50,54,12,27,21,69,283,14,0,0,32,0
1,1,49,54,12,27,21,69,284,14,0,0,30,0
1,1,50,54,12,27,21,69,285,14,0,0,32,0
1,1,49,54,12,27,20,69,286,14,0,0,30,0
1,1,50,54,12,27,20,69,287,14,0,0,31,0
1,1,49,54,12,27,21,69,288,14,0,0,31,0
1,1,51,54,12,27,20,69,289,14,0,0,31,0
1,1,51,54,12,27,21,69,290,14,0,0,32,0
1,1,50,54,12,27,21,69,291,14,0,0,31,0
1,1,49,54,12,27,21,69,292,14,0,0,29,0
1,1,50,54,12,27,21,69,293,14,0,0,28,0
1,1,54,54,12,27,19,69,294,14,0,0,31,0
1,1,48,54,12,27,21,69,295,14,0,0,31,0
1,1,49,54,12,27,21,69,296,14,0,0,29,0
1,1,52,54,12,27,19,69,297,14,0,0,30,0
1,1,49,54,12,27,21,69,298,14,0,0,32,0
1,1,52,54,12,27,21,69,299,14,0,0,30,0
1,1,53,54,12,27,21,69,300,14,0,0,30,0
1,1,54,54,12,27,20,69,301,14,0,0,29,0
1,1,54,54,12,27,21,69,302,14,0,0,30,0
1,1,54,54,12,27,20,69,303,14,0,0,30,0
1,1,55,55,12,27,21,69,304,14,0,0,29,0
1,1,53,55,12,27,20,69,305,14,0,0,31,0
1,1,51,55,12,27,21,69,306,14,0,0,30,0
1,1,51,55,12,27,21,69,307,14,0,0,33,0
1,1,50,55,12,27,20,69,308,14,0,0,32,0
1,1,52,55,12,27,21,69,309,14,0,0,29,0
1,1,52,55,12,27,21,69,310,14,0,0,32,0
1,1,52,55,12,27,20,69,311,14,0,0,31,0
1,1,52,55,12,27,20,69,312,14,0,0,29,0
1,1,52,55,12,27,21,69,313,14,0,0,32,0
1,1,51,55,12,27,20,69,314,14,0,0,32,0
1,1,51,55,12,27,21,69,315,14,0,0,31,0
1,1,52,55,12,27,21,69,316,14,0,0,31,0
1,1,51,55,12,27,21,69,317,14,0,0,31,0
1,1,50,55,12,27,21,69,318,14,0,0,30,0
1,1,52,55,12,27,21,69,319,14,0,0,31,0
1,1,51,55,12,27,21,69,320,14,0,0,31,0
1,1,51,55,12,27,21,69,321,14,0,0,32,0
1,1,53,55,12,27,21,69,322,14,0,0,30,0
1,1,54,55,12,27,21,69,323,14,0,0,30,0
1,1,53,55,12,27,21,69,324,14,0,0,32,0
1,1,54,55,12,27,21,69,325,14,0,0,30,0
1,1,54,55,12,27,21,69,326,14,0,0,30,0
1,1,53,55,12,27,21,69,327,14,0,0,30,0
1,1,53,55,12,27,21,69,328,14,0,0,31,0
1,1,54,55,12,27,21,69,329,14,0,0,31,0
1,1,55,55,12,27,21,69,330,14,0,0,32,0
1,1,55,55,12,27,21,69,331,14,0,0,30,0
1,1,54,55,12,27,21,69,332,14,0,0,30,0
1,1,52,55,12,27,21,69,333,14,0,0,31,0
1,1,55,55,12,27,20,69,334,14,0,0,31,0
1,1,57,57,12,27,21,69,335,14,0,0,31,0
1,1,54,57,12,27,21,69,336,14,0,0,31,0
1,1,55,57,12,27,21,69,337,14,0,0,32,0
1,1,54,57,12,27,21,69,338,14,0,0,30,0
1,1,53,57,12,27,21,69,339,14,0,0,31,0
1,1,54,57,12,27,21,69,340,14,0,0,31,0
1,1,52,57,12,27,21,69,341,14,0,0,30,0
1,1,50,57,12,27,20,69,342,14,0,0,31,0
1,1,43,57,12,27,20,69,343,14,0,0,30,0
1,1,43,57,12,27,19,69,344,14,0,0,30,0
1,1,47,57,12,27,20,69,345,14,0,0,29,0
1,1,52,57,12,27,21,69,346,14,0,0,30,0
1,1,53,57,12,27,20,69,347,14,0,0,29,0
1,1,58,58,12,27,21,69,348,14,0,0,30,0
1,1,54,58,12,27,21,69,349,14,0,0,27,0
1,1,52,58,12,27,21,69,350,14,0,0,31,0
1,1,52,58,12,27,20,69,351,14,0,0,30,0
1,1,52,58,12,27,20,69,352,14,0,0,30,0
1,1,54,58,12,27,20,69,353,14,0,0,28,0
1,1,53,58,12,27,20,69,354,14,0,0,31,0
1,1,53,58,12,27,21,69,355,14,0,0,33,0
1,1,53,58,12,27,21,69,356,14,0,0,30,0
1,1,53,58,12,27,19,69,357,14,0,0,29,0
1,1,54,58,12,27,21,69,358,14,0,0,27,0
1,1,54,58,12,27,21,69,359,14,0,0,29,0
1,1,53,58,12,27,21,69,360,14,0,0,32,0
1,1,53,58,12,27,21,69,361,14,0,0,30,0
1,1,53,58,12,27,20,69,362,14,0,0,28,0
1,1,53,58,12,27,21,69,363,14,0,0,29,0
1,1,52,58,12,27,21,69,364,14,0,0,27,0
1,1,53,58,12,27,21,69,365,14,0,0,27,0
1,1,52,58,12,27,21,69,366,14,0,0,30,0
1,1,54,58,12,27,20,69,367,14,0,0,30,0
1,1,54,58,12,27,21,69,368,14,0,0,32,0
1,1,54,58,12,27,20,69,369,14,0,0,29,0
1,1,54,58,12,27,21,69,370,14,0,0,31,0
1,1,55,58,12,27,20,69,371,14,0,0,29,0
1,1,53,58,12,27,21,69,372,14,0,0,30,0
1,1,51,58,12,27,21,69,373,14,0,0,30,0
1,1,51,58,12,27,21,69,374,14,0,0,28,0
1,1,51,58,12,27,20,69,375,14,0,0,32,0
1,1,52,58,12,27,21,69,376,14,0,0,31,0
1,1,54,58,12,27,21,69,377,14,0,0,29,0
1,1,52,58,12,27,21,69,378,14,0,0,29,0
1,1,54,58,12,27,21,69,379,14,0,0,31,0
1,1,54,58,12,27,20,69,380,14,0,0,30,0
1,1,56,58,12,27,20,69,381,14,0,0,27,0
1,1,56,58,12,27,21,69,382,14,0,0,30,0
1,1,57,58,12,27,21,69,383,14,0,0,31,0
1,1,55,58,12,27,21,69,384,14,0,0,30,0
1,1,53,58,12,27,21,69,385,14,0,0,29,0
1,1,52,58,12,27,21,69,386,14,0,0,30,0
1,1,49,58,12,27,21,69,387,14,0,0,30,0
1,1,50,58,12,27,21,69,388,14,0,0,30,0
1,1,52,58,12,27,21,69,389,14,0,0,29,0
1,1,53,58,12,27,21,69,390,14,0,0,30,0
1,1,54,58,12,27,20,69,391,14,0,0,27,0
1,1,57,58,12,27,21,69,392,14,0,0,30,0
1,1,57,58,12,27,21,69,393,14,0,0,29,0
1,1,57,58,12,27,21,69,394,14,0,0,31,0
1,1,54,58,12,27,21,69,395,14,0,0,30,0
1,1,53,58,12,27,21,69,396,14,0,0,30,0
1,1,51,58,12,27,21,69,397,14,0,0,28,0
1,1,51,58,12,27,21,69,398,14,0,0,31,0
1,1,52,58,12,27,21,69,399,14,0,0,27,0
1,1,51,58,12,27,21,69,400,14,0,0,28,0
1,1,51,58,12,27,21,69,401,14,0,0,31,0
1,1,50,58,12,27,21,69,402,14,0,0,29,0
1,1,52,58,12,27,21,69,403,14,0,0,31,0
1,1,51,58,12,27,21,69,404,14,0,0,30,0
1,1,51,58,12,27,21,69,405,14,0,0,29,0
1,1,51,58,12,27,21,69,406,14,0,0,29,0
1,1,51,58,12,27,21,69,407,14,0,0,30,0
1,1,50,58,12,27,21,69,408,14,0,0,30,0
1,1,52,58,12,27,21,69,409,14,0,0,29,0
1,1,51,58,12,27,21,69,410,14,0,0,31,0
1,1,51,58,12,27,21,69,411,14,0,0,30,0
1,1,53,58,12,27,21,69,412,14,0,0,30,0
1,1,51,58,12,27,21,69,413,14,0,0,29,0
1,1,49,58,12,27,21,69,414,14,0,0,29,0
1,1,51,58,12,27,21,69,415,14,0,0,29,0
1,1,51,58,12,27,21,69,416,14,0,0,29,0
1,1,51,58,12,27,21,69,417,14,0,0,29,0
1,1,52,58,12,27,21,69,418,14,0,0,28,0
1,1,53,58,12,27,21,69,419,14,0,0,30,0
1,1,52,58,12,27,21,69,420,14,0,0,31,0
1,1,53,58,12,27,21,69,421,14,0,0,32,0
1,1,52,58,12,27,21,69,422,14,0,0,32,0
1,1,50,58,12,27,21,69,423,14,0,0,30,0
1,1,51,58,12,27,21,69,424,14,0,0,30,0
1,1,53,58,12,27,21,69,425,14,0,0,27,0
1,1,51,58,12,27,21,69,426,14,0,0,31,0
1,1,52,58,12,27,21,69,427,14,0,0,30,0
1,1,51,58,12,27,21,69,428,14,0,0,29,0
1,1,51,58,12,27,21,69,429,14,0,0,31,0
1,1,50,58,12,27,21,69,430,14,0,0,30,0
1,1,51,58,12,27,21,69,431,14,0,0,29,0
1,1,50,58,12,27,21,69,432,14,0,0,30,0
1,1,50,58,12,27,21,69,433,14,0,0,30,0
1,1,49,58,12,27,21,69,434,14,0,0,31,0
1,1,51,58,12,27,21,69,435,14,0,0,30,0
1,1,50,58,12,27,21,69,436,14,0,0,30,0
1,1,48,58,12,27,21,69,437,14,0,0,30,0
