version,nPorts,mem,alloc,outputPort,reserved0,protIds_01,protIds_02,protIds_03,protIds_04,portId_01,txPending_01,txBytes_01,txUsage_01,txPeakUsage_01,rxPending_01,rxBytes_01,rxUsage_01,rxPeakUsage_01,overrunErrs_01,msgs_01_01,msgs_01_02,msgs_01_03,msgs_01_04,reserved1_01,skipped_01,portId_02,txPending_02,txBytes_02,txUsage_02,txPeakUsage_02,rxPending_02,rxBytes_02,rxUsage_02,rxPeakUsage_02,overrunErrs_02,msgs_02_01,msgs_02_02,msgs_02_03,msgs_02_04,reserved1_02,skipped_02,portId_03,txPending_03,txBytes_03,txUsage_03,txPeakUsage_03,rxPending_03,rxBytes_03,rxUsage_03,rxPeakUsage_03,overrunErrs_03,msgs_03_01,msgs_03_02,msgs_03_03,msgs_03_04,reserved1_03,skipped_03,portId_04,txPending_04,txBytes_04,txUsage_04,txPeakUsage_04,rxPending_04,rxBytes_04,rxUsage_04,rxPeakUsage_04,overrunErrs_04,msgs_04_01,msgs_04_02,msgs_04_03,msgs_04_04,reserved1_04,skipped_04,portId_05,txPending_05,txBytes_05,txUsage_05,txPeakUsage_05,rxPending_05,rxBytes_05,rxUsage_05,rxPeakUsage_05,overrunErrs_05,msgs_05_01,msgs_05_02,msgs_05_03,msgs_05_04,reserved1_05,skipped_05
0,5,0,0,0,0,0,1,5,6,256,0,255399,12,13,0,0,0,0,0,0,0,0,0,0,0,512,0,2122649,0,4,0,1651908,4,7,0,7812,0,0,0,0,174,768,0,960549,21,69,0,16,0,0,0,2,0,0,0,0,0,257,0,1639508,9,10,0,1513025,3,6,0,8468,0,0,0,0,0,513,0,253607,17,18,0,0,0,0,0,0,0,0,0,0,0
0,5,0,0,0,0,0,1,5,6,256,0,257025,12,13,0,0,0,0,0,0,0,0,0,0,0,512,0,2130763,0,4,0,1659227,4,7,0,7848,0,0,0,0,174,768,0,970909,21,69,0,16,0,0,0,2,0,0,0,0,0,257,0,1646828,9,10,0,1521139,3,6,0,8514,0,0,0,0,0,513,0,255233,17,18,0,0,0,0,0,0,0,0,0,0,0
0,5,0,0,0,0,0,1,5,6,256,0,258651,12,13,0,0,0,0,0,0,0,0,0,0,0,512,0,2138669,0,4,0,1665758,5,7,0,7875,0,0,0,0,174,768,0,980461,21,69,0,16,0,0,0,2,0,0,0,0,0,257,2772,1651132,9,10,0,1529045,3,6,0,8559,0,0,0,0,0,513,0,256859,18,18,0,0,0,0,0,0,0,0,0,0,0
0,5,0,0,0,0,0,1,5,6,256,0,260277,12,13,0,0,0,0,0,0,0,0,0,0,0,512,0,2146807,0,4,0,1673560,5,7,0,7915,0,0,0,0,174,768,0,990757,20,69,0,16,0,0,0,2,0,0,0,0,0,257,0,1661048,9,10,0,1537183,3,6,0,8605,0,0,0,0,0,513,0,258485,18,18,0,0,0,0,0,0,0,0,0,0,0
0,5,0,0,0,0,0,1,5,6,256,0,261915,13,13,0,0,0,0,0,0,0,0,0,0,0,512,0,2154793,0,4,0,1680091,4,7,0,7942,0,0,0,0,174,768,0,1000121,21,69,0,16,0,0,0,2,0,0,0,0,0,257,0,1667612,9,10,0,1545169,3,6,0,8652,0,0,0,0,0,513,0,260123,17,18,0,0,0,0,0,0,0,0,0,0,0
0,5,0,0,0,0,0,1,5,6,256,0,263553,13,13,0,0,0,0,0,0,0,0,0,0,0,512,0,2162723,0,4,0,1687268,4,7,0,7977,0,0,0,0,174,768,0,1009861,20,69,0,16,0,0,0,2,0,0,0,0,0,257,2260,1672588,9,10,0,1553099,3,6,0,8698,0,0,0,0,0,513,0,261761,17,18,0,0,0,0,0,0,0,0,0,0,0
0,5,0,0,0,0,0,1,5,6,256,0,265173,12,13,0,0,0,0,0,0,0,0,0,0,0,512,0,2170667,0,4,0,1693924,5,7,0,8004,0,0,0,0,174,768,0,1019191,21,69,0,16,0,0,0,2,0,0,0,0,0,257,0,1681412,9,10,0,1561043,3,6,0,8744,0,0,0,0,0,513,0,263381,17,18,0,0,0,0,0,0,0,0,0,0,0
0,5,0,0,0,0,0,1,5,6,256,0,266824,13,13,0,0,0,0,0,0,0,0,0,0,0,512,0,2178962,0,4,0,1700966,4,7,0,8039,0,0,0,0,174,768,0,1034360,21,69,0,248,0,0,0,17,0,0,0,0,0,257,3284,1685364,9,10,0,1569338,3,6,0,8792,0,0,0,0,0,513,0,265032,18,18,0,0,0,0,0,0,0,0,0,0,0
0,5,0,0,0,0,0,1,5,6,256,0,268475,13,13,0,0,0,0,0,0,0,0,0,0,0,512,0,2186905,0,4,0,1707520,4,7,0,8066,0,0,0,0,174,768,0,1047520,22,69,0,408,0,0,0,27,0,0,0,0,0,257,2772,1692952,9,10,0,1577281,5,6,0,8838,0,0,0,0,0,513,0,266683,18,18,0,0,0,0,0,0,0,0,0,0,0
0,5,0,0,0,0,0,1,5,6,256,0,270126,13,13,0,0,0,0,0,0,0,0,0,0,0,512,0,2194936,0,4,0,1715965,4,7,0,8112,0,0,0,0,174,768,0,1058353,21,69,0,408,0,0,0,27,0,0,0,0,0,257,0,1703372,9,10,0,1585312,4,6,0,8884,0,0,0,0,0,513,0,268334,18,18,0,0,0,0,0,0,0,0,0,0,0
0,5,0,0,0,0,0,1,5,6,256,0,271777,13,13,0,0,0,0,0,0,0,0,0,0,0,512,0,2202979,0,4,0,1722493,4,7,0,8139,0,0,0,0,174,768,0,1067662,21,69,0,408,0,0,0,27,0,0,0,0,0,257,0,1709936,9,10,0,1593355,4,6,0,8931,0,0,0,0,0,513,0,269985,18,18,0,0,0,0,0,0,0,0,0,0,0
0,5,0,0,0,0,0,1,5,6,256,0,273430,12,13,0,0,0,0,0,0,0,0,0,0,0,512,0,2211156,0,4,0,1729705,3,7,0,8174,0,0,0,0,174,768,0,1077451,21,69,0,408,0,0,0,27,0,0,0,0,0,257,2260,1714912,9,10,0,1601532,3,6,0,8978,0,0,0,0,0,513,0,271638,17,18,0,0,0,0,0,0,0,0,0,0,0
0,5,0,0,0,0,0,1,5,6,256,0,275133,13,13,0,0,0,0,0,0,0,0,0,0,0,512,0,2219019,0,4,0,1736304,5,7,0,8201,0,0,0,0,174,768,0,1086986,21,69,0,408,0,0,0,27,0,0,0,0,0,257,0,1723736,9,10,0,1609395,3,6,0,9024,0,0,0,0,0,513,0,273341,18,18,0,0,0,0,0,0,0,0,0,0,0
0,5,0,0,0,0,0,1,5,6,256,0,276824,13,13,0,0,0,0,0,0,0,0,0,0,0,512,0,2227246,0,4,0,1743266,3,7,0,8234,0,0,0,0,174,768,0,1096933,21,69,0,408,0,0,0,27,0,0,0,0,0,257,0,1730804,9,10,0,1617622,5,6,0,9072,0,0,0,0,0,513,0,275032,18,18,0,0,0,0,0,0,0,0,0,0,0
0,5,0,0,0,0,0,1,5,6,256,0,278527,13,13,0,0,0,0,0,0,0,0,0,0,0,512,0,2235485,0,4,0,1749758,3,7,0,8261,0,0,0,0,174,768,0,1106536,21,69,0,408,0,0,0,27,0,0,0,0,0,257,2772,1735108,9,10,0,1625861,4,6,0,9120,0,0,0,0,0,513,0,276735,18,18,0,0,0,0,0,0,0,0,0,0,0
0,5,0,0,0,0,0,1,5,6,256,0,280230,13,13,0,0,0,0,0,0,0,0,0,0,0,512,0,2243724,0,4,0,1757347,5,7,0,8298,0,0,0,0,174,768,0,1116947,21,69,0,408,0,0,0,27,0,0,0,0,0,257,0,1744772,9,10,0,1634100,5,6,0,9168,0,0,0,0,0,513,0,278438,18,18,0,0,0,0,0,0,0,0,0,0,0
0,5,0,0,0,0,0,1,5,6,256,0,281933,13,13,0,0,0,0,0,0,0,0,0,0,0,512,0,2251731,0,4,0,1763837,4,7,0,8325,0,0,0,0,174,768,0,1126598,21,69,0,408,0,0,0,27,0,0,0,0,0,257,0,1751336,9,10,0,1642107,4,6,0,9215,0,0,0,0,0,513,0,280141,18,18,0,0,0,0,0,0,0,0,0,0,0
0,5,0,0,0,0,0,1,5,6,256,0,283636,13,13,0,0,0,0,0,0,0,0,0,0,0,512,0,2259826,0,4,0,1771068,4,7,0,8361,0,0,0,0,174,768,0,1136669,20,69,0,408,0,0,0,27,0,0,0,0,0,257,2260,1756396,9,10,0,1650202,3,6,0,9262,0,0,0,0,0,513,0,281844,18,18,0,0,0,0,0,0,0,0,0,0,0
0,5,0,0,0,0,0,1,5,6,256,0,285339,13,13,0,0,0,0,0,0,0,0,0,0,0,512,0,2267833,0,4,0,1777819,5,7,0,8388,0,0,0,0,174,768,0,1146338,21,69,0,408,0,0,0,27,0,0,0,0,0,257,0,1765220,9,10,0,1658209,4,6,0,9309,0,0,0,0,0,513,0,283547,18,18,0,0,0,0,0,0,0,0,0,0,0
0,5,0,0,0,0,0,1,5,6,256,0,287042,13,13,0,0,0,0,0,0,0,0,0,0,0,512,0,2275840,0,4,0,1785192,4,7,0,8425,0,0,0,0,174,768,0,1156711,21,69,0,408,0,0,0,27,0,0,0,0,0,257,0,1772624,9,10,0,1666216,3,6,0,9356,0,0,0,0,0,513,0,285250,18,18,0,0,0,0,0,0,0,0,0,0,0
0,5,0,0,0,0,0,1,5,6,256,0,288745,13,13,0,0,0,0,0,0,0,0,0,0,0,512,0,2283847,0,4,0,1791571,4,7,0,8452,0,0,0,0,174,768,0,1166404,21,69,0,408,0,0,0,27,0,0,0,0,0,257,2772,1776928,9,10,0,1674223,4,6,0,9403,0,0,0,0,0,513,0,286953,18,18,0,0,0,0,0,0,0,0,0,0,0
0,5,0,0,0,0,0,1,5,6,256,0,290448,13,13,0,0,0,0,0,0,0,0,0,0,0,512,0,2291942,0,4,0,1799759,5,7,0,8495,0,0,0,0,174,768,0,1177281,21,69,0,408,0,0,0,27,0,0,0,0,0,257,0,1787096,9,10,0,1682318,3,6,0,9450,0,0,0,0,0,513,0,288656,18,18,0,0,0,0,0,0,0,0,0,0,0
0,5,0,0,0,0,0,1,5,6,256,0,292151,13,13,0,0,0,0,0,0,0,0,0,0,0,512,0,2299949,0,4,0,1806216,4,7,0,8522,0,0,0,0,174,768,0,1186950,21,69,0,408,0,0,0,27,0,0,0,0,0,257,0,1793660,9,10,0,1690325,4,6,0,9497,0,0,0,0,0,513,0,290359,18,18,0,0,0,0,0,0,0,0,0,0,0
0,5,0,0,0,0,0,1,5,6,256,0,293854,13,13,0,0,0,0,0,0,0,0,0,0,0,512,0,2308188,0,4,0,1813217,4,7,0,8557,0,0,0,0,174,768,0,1196955,21,69,0,408,0,0,0,27,0,0,0,0,0,257,3284,1797612,9,10,0,1698564,3,6,0,9545,0,0,0,0,0,513,0,292062,18,18,0,0,0,0,0,0,0,0,0,0,0
0,5,0,0,0,0,0,1,5,6,256,0,295557,13,13,0,0,0,0,0,0,0,0,0,0,0,512,0,2316151,0,4,0,1819965,4,7,0,8584,0,0,0,0,174,768,0,1206696,21,69,0,408,0,0,0,27,0,0,0,0,0,257,2260,1805200,9,10,0,1706527,4,6,0,9592,0,0,0,0,0,513,0,293765,18,18,0,0,0,0,0,0,0,0,0,0,0
0,5,0,0,0,0,0,1,5,6,256,0,297278,14,14,0,0,0,0,0,0,0,0,0,0,0,512,0,2324520,0,4,0,1827162,4,7,0,8620,0,0,0,0,174,768,0,1216967,21,69,0,408,0,0,0,27,0,0,0,0,0,257,1748,1813032,9,10,0,1714896,5,6,0,9642,0,0,0,0,0,513,0,295486,18,18,0,0,0,0,0,0,0,0,0,0,0
0,5,0,0,0,0,0,1,5,6,256,0,299001,14,14,0,0,0,0,0,0,0,0,0,0,0,512,0,2332415,0,4,0,1834287,4,7,0,8647,0,0,0,0,174,768,0,1226646,21,69,0,408,0,0,0,27,0,0,0,0,0,257,2772,1819084,9,10,0,1722791,4,6,0,9689,0,0,0,0,0,513,0,297209,19,19,0,0,0,0,0,0,0,0,0,0,0
0,5,0,0,0,0,0,1,5,6,256,0,300724,13,14,0,0,0,0,0,0,0,0,0,0,0,512,0,2340674,0,4,0,1841426,4,7,0,8686,0,0,0,0,174,768,0,1237293,21,69,0,408,0,0,0,27,0,0,0,0,0,257,0,1828916,9,10,0,1731050,5,6,0,9737,0,0,0,0,0,513,0,298932,19,19,0,0,0,0,0,0,0,0,0,0,0
0,5,0,0,0,0,0,1,5,6,256,0,302449,13,14,0,0,0,0,0,0,0,0,0,0,0,512,0,2349035,0,4,0,1847797,4,7,0,8713,0,0,0,0,174,768,0,1247004,21,69,0,408,0,0,0,27,0,0,0,0,0,257,0,1835480,9,10,0,1739411,4,6,0,9786,0,0,0,0,0,513,0,300657,19,19,0,0,0,0,0,0,0,0,0,0,0
0,5,0,0,0,0,0,1,5,6,256,0,304179,13,14,0,0,0,0,0,0,0,0,0,0,0,512,0,2357257,0,4,0,1855491,4,7,0,8746,0,0,0,0,174,768,0,1256840,21,69,0,408,0,0,0,27,0,0,0,0,0,257,2772,1840288,9,10,0,1747633,3,6,0,9834,0,0,0,0,0,513,0,302387,19,19,0,0,0,0,0,0,0,0,0,0,0
0,5,0,0,0,0,0,1,5,6,256,0,305909,13,14,0,0,0,0,0,0,0,0,0,0,0,512,0,2365059,0,4,0,1861579,4,7,0,8773,0,0,0,0,174,768,0,1266516,20,69,0,408,0,0,0,27,0,0,0,0,0,257,0,1849112,9,10,0,1755435,5,6,0,9880,0,0,0,0,0,513,0,304117,19,19,0,0,0,0,0,0,0,0,0,0,0
0,5,0,0,0,0,0,1,5,6,256,0,307639,13,14,0,0,0,0,0,0,0,0,0,0,0,512,0,2373181,0,4,0,1868551,4,7,0,8806,0,0,0,0,174,768,0,1276776,21,69,0,408,0,0,0,27,0,0,0,0,0,257,0,1856180,9,10,0,1763557,4,6,0,9927,0,0,0,0,0,513,0,305847,19,19,0,0,0,0,0,0,0,0,0,0,0
0,5,0,0,0,0,0,1,5,6,256,0,309369,13,14,0,0,0,0,0,0,0,0,0,0,0,512,0,2381215,0,4,0,1875193,4,7,0,8833,0,0,0,0,174,768,0,1286508,21,69,0,408,0,0,0,27,0,0,0,0,0,257,2260,1860484,9,10,0,1771591,4,6,0,9974,0,0,0,0,0,513,0,307577,19,19,0,0,0,0,0,0,0,0,0,0,0
0,5,0,0,0,0,0,1,5,6,256,0,311099,13,14,0,0,0,0,0,0,0,0,0,0,0,512,0,2389337,0,4,0,1883316,5,7,0,8876,0,0,0,0,174,768,0,1297248,21,69,0,408,0,0,0,27,0,0,0,0,0,257,0,1870652,9,10,0,1779713,6,6,0,10021,0,0,0,0,0,513,0,309307,19,19,0,0,0,0,0,0,0,0,0,0,0
0,5,0,0,0,0,0,1,5,6,256,0,312823,13,14,0,0,0,0,0,0,0,0,0,0,0,512,0,2397565,0,4,0,1889733,4,7,0,8903,0,0,0,0,174,768,0,1306658,21,69,0,408,0,0,0,27,0,0,0,0,0,257,0,1877216,9,10,0,1787941,3,6,0,10070,0,0,0,0,0,513,0,311031,19,19,0,0,0,0,0,0,0,0,0,0,0
0,5,0,0,0,0,0,1,5,6,256,0,314547,13,14,0,0,0,0,0,0,0,0,0,0,0,512,0,2405825,0,4,0,1896722,4,7,0,8935,0,0,0,0,174,768,0,1316372,21,69,0,408,0,0,0,27,0,0,0,0,0,257,2772,1881940,9,10,0,1796201,4,6,0,10118,0,0,0,0,0,513,0,312755,18,19,0,0,0,0,0,0,0,0,0,0,0
0,5,0,0,0,0,0,1,5,6,256,0,316238,13,14,0,0,0,0,0,0,0,0,0,0,0,512,0,2413664,0,4,0,1903269,4,7,0,8962,0,0,0,0,174,768,0,1325701,20,69,0,408,0,0,0,27,0,0,0,0,0,257,0,1890764,9,10,0,1804040,3,6,0,10163,0,0,0,0,0,513,0,314446,18,19,0,0,0,0,0,0,0,0,0,0,0
0,5,0,0,0,0,0,1,5,6,256,0,317917,13,14,0,0,0,0,0,0,0,0,0,0,0,512,0,2421867,0,4,0,1910296,3,7,0,8994,0,0,0,0,174,768,0,1335688,21,69,0,408,0,0,0,27,0,0,0,0,0,257,0,1897748,9,10,0,1812243,4,6,0,10210,0,0,0,0,0,513,0,316125,18,19,0,0,0,0,0,0,0,0,0,0,0
0,5,0,0,0,0,0,1,5,6,256,0,319596,12,14,0,0,0,0,0,0,0,0,0,0,0,512,0,2429694,0,4,0,1917205,4,7,0,9021,0,0,0,0,174,768,0,1345067,20,69,0,408,0,0,0,27,0,0,0,0,0,257,2772,1902052,9,10,0,1820070,3,6,0,10255,0,0,0,0,0,513,0,317804,18,19,0,0,0,0,0,0,0,0,0,0,0
0,5,0,0,0,0,0,1,5,6,256,0,321308,13,14,0,0,0,0,0,0,0,0,0,0,0,512,0,2437942,0,4,0,1924300,4,7,0,9060,0,0,0,0,174,768,0,1355559,21,69,0,408,0,0,0,27,0,0,0,0,0,257,0,1911884,9,10,0,1828318,5,6,0,10303,0,0,0,0,0,513,0,319516,18,19,0,0,0,0,0,0,0,0,0,0,0
0,5,0,0,0,0,0,1,5,6,256,0,323017,13,14,0,0,0,0,0,0,0,0,0,0,0,512,0,2445955,0,4,0,1930791,4,7,0,9087,0,0,0,0,174,768,0,1365032,21,69,0,408,0,0,0,27,0,0,0,0,0,257,0,1918448,9,10,0,1836331,4,6,0,10350,0,0,0,0,0,513,0,321225,19,19,0,0,0,0,0,0,0,0,0,0,0
0,5,0,0,0,0,0,1,5,6,256,0,324726,13,14,0,0,0,0,0,0,0,0,0,0,0,512,0,2453824,0,4,0,1938291,4,7,0,9118,0,0,0,0,174,768,0,1374665,21,69,0,408,0,0,0,27,0,0,0,0,0,257,2772,1922576,9,10,0,1844200,5,6,0,10396,0,0,0,0,0,513,0,322934,19,19,0,0,0,0,0,0,0,0,0,0,0
0,5,0,0,0,0,0,1,5,6,256,0,326435,13,14,0,0,0,0,0,0,0,0,0,0,0,512,0,2462069,0,4,0,1944415,4,7,0,9145,0,0,0,0,174,768,0,1384098,21,69,0,408,0,0,0,27,0,0,0,0,0,257,0,1931912,9,10,0,1852445,3,6,0,10444,0,0,0,0,0,513,0,324643,19,19,0,0,0,0,0,0,0,0,0,0,0
0,5,0,0,0,0,0,1,5,6,256,0,328157,13,14,0,0,0,0,0,0,0,0,0,0,0,512,0,2470327,0,4,0,1951278,4,7,0,9176,0,0,0,0,174,768,0,1394900,21,69,0,408,0,0,0,27,0,0,0,0,0,257,0,1938812,9,10,0,1860703,4,6,0,10492,0,0,0,0,0,513,0,326365,19,19,0,0,0,0,0,0,0,0,0,0,0
0,5,0,0,0,0,0,1,5,6,256,0,329879,13,14,0,0,0,0,0,0,0,0,0,0,0,512,0,2478209,0,4,0,1958319,3,7,0,9203,0,0,0,0,174,768,0,1403422,15,69,0,408,0,0,0,27,0,0,0,0,0,257,2772,1943116,9,10,0,1868585,4,6,0,10538,0,0,0,0,0,513,0,328087,19,19,0,0,0,0,0,0,0,0,0,0,0
0,5,0,0,0,0,0,1,5,6,256,0,331601,13,14,0,0,0,0,0,0,0,0,0,0,0,512,0,2486467,0,4,0,1965763,4,7,0,9246,0,0,0,0,174,768,0,1414074,21,69,0,408,0,0,0,27,0,0,0,0,0,257,0,1953284,9,10,0,1876843,4,6,0,10586,0,0,0,0,0,513,0,329809,19,19,0,0,0,0,0,0,0,0,0,0,0
0,5,0,0,0,0,0,1,5,6,256,0,333310,13,14,0,0,0,0,0,0,0,0,0,0,0,512,0,2494480,0,4,0,1972310,4,7,0,9273,0,0,0,0,174,768,0,1423465,21,69,0,408,0,0,0,27,0,0,0,0,0,257,0,1959848,9,10,0,1884856,3,6,0,10633,0,0,0,0,0,513,0,331518,19,19,0,0,0,0,0,0,0,0,0,0,0
0,5,0,0,0,0,0,1,5,6,256,0,335019,13,14,0,0,0,0,0,0,0,0,0,0,0,512,0,2502725,0,4,0,1979112,4,7,0,9304,0,0,0,0,174,768,0,1433022,21,69,0,408,0,0,0,27,0,0,0,0,0,257,2772,1963976,9,10,0,1893101,3,6,0,10681,0,0,0,0,0,513,0,333227,19,19,0,0,0,0,0,0,0,0,0,0,0
0,5,0,0,0,0,0,1,5,6,256,0,336761,14,14,0,0,0,0,0,0,0,0,0,0,0,512,0,2510639,0,4,0,1985619,4,7,0,9331,0,0,0,0,174,768,0,1442402,21,69,0,408,0,0,0,27,0,0,0,0,0,257,0,1973312,9,10,0,1901015,4,6,0,10728,0,0,0,0,0,513,0,334969,19,19,0,0,0,0,0,0,0,0,0,0,0
0,5,0,0,0,0,0,1,5,6,256,0,338485,13,14,0,0,0,0,0,0,0,0,0,0,0,512,0,2518899,0,4,0,1992817,4,7,0,9361,0,0,0,0,174,768,0,1452038,21,69,0,408,0,0,0,27,0,0,0,0,0,257,0,1980128,5,10,0,1909275,4,6,0,10776,0,0,0,0,0,513,0,336693,19,19,0,0,0,0,0,0,0,0,0,0,0
0,5,0,0,0,0,0,1,5,6,256,0,340220,13,14,0,0,0,0,0,0,0,0,0,0,0,512,0,2526938,0,4,0,1999498,5,7,0,9388,0,0,0,0,174,768,0,1461417,21,69,0,408,0,0,0,27,0,0,0,0,0,257,3284,1983408,9,10,0,1917314,3,6,0,10823,0,0,0,0,0,513,0,338428,19,19,0,0,0,0,0,0,0,0,0,0,0
0,5,0,0,0,0,0,1,5,6,256,0,341955,13,14,0,0,0,0,0,0,0,0,0,0,0,512,0,2535065,0,4,0,2006300,3,7,0,9423,0,0,0,0,174,768,0,1471492,20,69,0,408,0,0,0,27,0,0,0,0,0,257,1748,1992180,9,10,0,1925441,4,6,0,10870,0,0,0,0,0,513,0,340163,19,19,0,0,0,0,0,0,0,0,0,0,0
0,5,0,0,0,0,0,1,5,6,256,0,343688,13,14,0,0,0,0,0,0,0,0,0,0,0,512,0,2543102,0,4,0,2013037,4,7,0,9450,0,0,0,0,174,768,0,1481709,20,69,0,408,0,0,0,27,0,0,0,0,0,257,0,2000492,9,10,0,1933478,4,6,0,10917,0,0,0,0,0,513,0,341896,19,19,0,0,0,0,0,0,0,0,0,0,0
0,5,0,0,0,0,0,1,5,6,256,0,345421,13,14,0,0,0,0,0,0,0,0,0,0,0,512,0,2551371,0,4,0,2020114,4,7,0,9480,0,0,0,0,174,768,0,1490254,15,69,0,408,0,0,0,27,0,0,0,0,0,257,2772,2004536,9,10,0,1941747,4,6,0,10965,0,0,0,0,0,513,0,343629,19,19,0,0,0,0,0,0,0,0,0,0,0
0,5,0,0,0,0,0,1,5,6,256,0,347154,13,14,0,0,0,0,0,0,0,0,0,0,0,512,0,2559264,0,4,0,2026350,4,7,0,9507,0,0,0,0,174,768,0,1499503,20,69,0,408,0,0,0,27,0,0,0,0,0,257,0,2013872,9,10,0,1949640,4,6,0,11011,0,0,0,0,0,513,0,345362,19,19,0,0,0,0,0,0,0,0,0,0,0
0,5,0,0,0,0,0,1,5,6,256,0,348887,13,14,0,0,0,0,0,0,0,0,0,0,0,512,0,2567533,0,4,0,2033280,4,7,0,9537,0,0,0,0,174,768,0,1508912,21,69,0,408,0,0,0,27,0,0,0,0,0,257,0,2020688,9,10,0,1957909,3,6,0,11059,0,0,0,0,0,513,0,347095,19,19,0,0,0,0,0,0,0,0,0,0,0
0,5,0,0,0,0,0,1,5,6,256,0,350576,13,14,0,0,0,0,0,0,0,0,0,0,0,512,0,2575514,0,4,0,2039637,5,7,0,9564,0,0,0,0,174,768,0,1518093,20,69,0,408,0,0,0,27,0,0,0,0,0,257,2772,2024992,9,10,0,1965890,3,6,0,11105,0,0,0,0,0,513,0,348784,19,19,0,0,0,0,0,0,0,0,0,0,0
0,5,0,0,0,0,0,1,5,6,256,0,352265,13,14,0,0,0,0,0,0,0,0,0,0,0,512,0,2583583,0,4,0,2047136,4,7,0,9601,0,0,0,0,174,768,0,1528062,21,69,0,408,0,0,0,27,0,0,0,0,0,257,0,2034656,9,10,0,1973959,3,6,0,11151,0,0,0,0,0,513,0,350473,19,19,0,0,0,0,0,0,0,0,0,0,0
0,5,0,0,0,0,0,1,5,6,256,0,353952,13,14,0,0,0,0,0,0,0,0,0,0,0,512,0,2591562,0,4,0,2053749,5,7,0,9628,0,0,0,0,174,768,0,1538125,20,69,0,408,0,0,0,27,0,0,0,0,0,257,0,2041220,9,10,0,1981938,5,6,0,11197,0,0,0,0,0,513,0,352160,19,19,0,0,0,0,0,0,0,0,0,0,0
0,5,0,0,0,0,0,1,5,6,256,0,355639,13,14,0,0,0,0,0,0,0,0,0,0,0,512,0,2599541,0,4,0,2060422,3,7,0,9658,0,0,0,0,174,768,0,1546656,15,69,0,408,0,0,0,27,0,0,0,0,0,257,2772,2045776,9,10,0,1989917,5,6,0,11243,0,0,0,0,0,513,0,353847,19,19,0,0,0,0,0,0,0,0,0,0,0
0,5,0,0,0,0,0,1,5,6,256,0,357324,13,14,0,0,0,0,0,0,0,0,0,0,0,512,0,2607374,0,4,0,2066964,4,7,0,9685,0,0,0,0,174,768,0,1555605,17,69,0,408,0,0,0,27,0,0,0,0,0,257,0,2054600,9,10,0,1997750,5,6,0,11288,0,0,0,0,0,513,0,355532,19,19,0,0,0,0,0,0,0,0,0,0,0
0,5,0,0,0,0,0,1,5,6,256,0,359005,13,14,0,0,0,0,0,0,0,0,0,0,0,512,0,2615579,0,4,0,2073976,4,7,0,9716,0,0,0,0,174,768,0,1564856,17,69,0,408,0,0,0,27,0,0,0,0,0,257,0,2061500,9,10,0,2005955,5,6,0,11335,0,0,0,0,0,513,0,357213,19,19,0,0,0,0,0,0,0,0,0,0,0
0,5,0,0,0,0,0,1,5,6,256,0,360741,13,14,0,0,0,0,0,0,0,0,0,0,0,512,0,2623475,0,4,0,2080565,3,7,0,9743,0,0,0,0,174,768,0,1573974,21,69,0,408,0,0,0,27,0,0,0,0,0,257,2260,2065804,9,10,0,2013851,4,6,0,11381,0,0,0,0,0,513,0,358949,19,19,0,0,0,0,0,0,0,0,0,0,0
0,5,0,0,0,0,0,1,5,6,256,0,362444,12,14,0,0,0,0,0,0,0,0,0,0,0,512,0,2631702,0,4,0,2087922,4,7,0,9779,0,0,0,0,174,768,0,1583907,20,69,0,408,0,0,0,27,0,0,0,0,0,257,0,2075384,9,10,0,2022078,4,6,0,11428,0,0,0,0,0,513,0,360652,19,19,0,0,0,0,0,0,0,0,0,0,0
0,5,0,0,0,0,0,1,5,6,256,0,364147,13,14,0,0,0,0,0,0,0,0,0,0,0,512,0,2639553,0,4,0,2094550,4,7,0,9806,0,0,0,0,174,768,0,1593684,21,69,0,408,0,0,0,27,0,0,0,0,0,257,0,2081948,9,10,0,2029929,3,6,0,11473,0,0,0,0,0,513,0,362355,19,19,0,0,0,0,0,0,0,0,0,0,0
0,5,0,0,0,0,0,1,5,6,256,0,365850,13,14,0,0,0,0,0,0,0,0,0,0,0,512,0,2647824,0,4,0,2101317,4,7,0,9838,0,0,0,0,174,768,0,1602125,11,69,0,408,0,0,0,27,0,0,0,0,0,257,2772,2086672,9,10,0,2038200,3,6,0,11521,0,0,0,0,0,513,0,364058,19,19,0,0,0,0,0,0,0,0,0,0,0
0,5,0,0,0,0,0,1,5,6,256,0,367564,13,14,0,0,0,0,0,0,0,0,0,0,0,512,0,2655786,0,4,0,2108009,4,7,0,9865,0,0,0,0,174,768,0,1611185,17,69,0,408,0,0,0,27,0,0,0,0,0,257,0,2095496,9,10,0,2046162,4,6,0,11567,0,0,0,0,0,513,0,365772,19,19,0,0,0,0,0,0,0,0,0,0,0
0,5,0,0,0,0,0,1,5,6,256,0,369278,13,14,0,0,0,0,0,0,0,0,0,0,0,512,0,2664024,0,4,0,2114713,4,7,0,9896,0,0,0,0,174,768,0,1620735,21,69,0,408,0,0,0,27,0,0,0,0,0,257,0,2102396,9,10,0,2054400,4,6,0,11614,0,0,0,0,0,513,0,367486,19,19,0,0,0,0,0,0,0,0,0,0,0
0,5,0,0,0,0,0,1,5,6,256,0,371012,13,14,0,0,0,0,0,0,0,0,0,0,0,512,0,2671918,0,4,0,2121903,5,7,0,9923,0,0,0,0,174,768,0,1630097,21,69,0,408,0,0,0,27,0,0,0,0,0,257,2772,2106700,9,10,0,2062294,3,6,0,11660,0,0,0,0,0,513,0,369220,19,19,0,0,0,0,0,0,0,0,0,0,0
0,5,0,0,0,0,0,1,5,6,256,0,372755,13,14,0,0,0,0,0,0,0,0,0,0,0,512,0,2680185,0,4,0,2128587,4,7,0,9958,0,0,0,0,174,768,0,1640132,21,69,0,408,0,0,0,27,0,0,0,0,0,257,2260,2113936,9,10,0,2070561,4,6,0,11707,0,0,0,0,0,513,0,370963,20,20,0,0,0,0,0,0,0,0,0,0,0
0,5,0,0,0,0,0,1,5,6,256,0,374513,13,14,0,0,0,0,0,0,0,0,0,0,0,512,0,2687871,0,4,0,2135209,5,7,0,9985,0,0,0,0,174,768,0,1649610,21,69,0,408,0,0,0,27,0,0,0,0,0,257,0,2122760,9,10,0,2078247,3,6,0,11752,0,0,0,0,0,513,0,372721,20,20,0,0,0,0,0,0,0,0,0,0,0
0,5,0,0,0,0,0,1,5,6,256,0,376248,13,14,0,0,0,0,0,0,0,0,0,0,0,512,0,2696130,0,4,0,2142075,4,7,0,10016,0,0,0,0,174,768,0,1659113,21,69,0,408,0,0,0,27,0,0,0,0,0,257,2772,2127400,9,10,0,2086506,5,6,0,11799,0,0,0,0,0,513,0,374456,20,20,0,0,0,0,0,0,0,0,0,0,0
0,5,0,0,0,0,0,1,5,6,256,0,377994,13,14,0,0,0,0,0,0,0,0,0,0,0,512,0,2704400,0,4,0,2148729,4,7,0,10043,0,0,0,0,174,768,0,1668407,17,69,0,408,0,0,0,27,0,0,0,0,0,257,0,2136224,9,10,0,2094776,3,6,0,11846,0,0,0,0,0,513,0,376202,20,20,0,0,0,0,0,0,0,0,0,0,0
0,5,0,0,0,0,0,1,5,6,256,0,379740,13,14,0,0,0,0,0,0,0,0,0,0,0,512,0,2712526,0,4,0,2155666,4,7,0,10074,0,0,0,0,174,768,0,1677969,20,69,0,408,0,0,0,27,0,0,0,0,0,257,0,2143124,9,10,0,2102902,4,6,0,11892,0,0,0,0,0,513,0,377948,20,20,0,0,0,0,0,0,0,0,0,0,0
0,5,0,0,0,0,0,1,5,6,256,0,381473,13,14,0,0,0,0,0,0,0,0,0,0,0,512,0,2720783,0,4,0,2162107,5,7,0,10101,0,0,0,0,174,768,0,1687198,21,69,0,408,0,0,0,27,0,0,0,0,0,257,2772,2147428,9,10,0,2111159,3,6,0,11939,0,0,0,0,0,513,0,379681,20,20,0,0,0,0,0,0,0,0,0,0,0
0,5,0,0,0,0,0,1,5,6,256,0,383226,13,14,0,0,0,0,0,0,0,0,0,0,0,512,0,2729072,0,4,0,2169474,4,7,0,10134,0,0,0,0,174,768,0,1696987,17,69,0,408,0,0,0,27,0,0,0,0,0,257,0,2156756,9,10,0,2119448,3,6,0,11987,0,0,0,0,0,513,0,381434,20,20,0,0,0,0,0,0,0,0,0,0,0
0,5,0,0,0,0,0,1,5,6,256,0,384994,13,14,0,0,0,0,0,0,0,0,0,0,0,512,0,2737144,0,4,0,2175721,4,7,0,10161,0,0,0,0,174,768,0,1706495,21,69,0,408,0,0,0,27,0,0,0,0,0,257,0,2163320,9,10,0,2127520,3,6,0,12034,0,0,0,0,0,513,0,383202,20,20,0,0,0,0,0,0,0,0,0,0,0
0,5,0,0,0,0,0,1,5,6,256,0,386762,13,14,0,0,0,0,0,0,0,0,0,0,0,512,0,2745448,0,4,0,2182631,4,7,0,10192,0,0,0,0,174,768,0,1716137,21,69,0,408,0,0,0,27,0,0,0,0,0,257,2260,2167960,9,10,0,2135824,5,6,0,12082,0,0,0,0,0,513,0,384970,20,20,0,0,0,0,0,0,0,0,0,0,0
0,5,0,0,0,0,0,1,5,6,256,0,388553,14,14,0,0,0,0,0,0,0,0,0,0,0,512,0,2753411,0,4,0,2189462,4,7,0,10219,0,0,0,0,174,768,0,1725694,21,69,0,408,0,0,0,27,0,0,0,0,0,257,0,2176784,9,10,0,2143787,2,6,0,12129,0,0,0,0,0,513,0,386761,20,20,0,0,0,0,0,0,0,0,0,0,0
0,5,0,0,0,0,0,1,5,6,256,0,390322,13,14,0,0,0,0,0,0,0,0,0,0,0,512,0,2761716,0,4,0,2195985,4,7,0,10249,0,0,0,0,174,768,0,1736087,21,69,0,408,0,0,0,27,0,0,0,0,0,257,0,2183600,9,10,0,2152092,3,6,0,12177,0,0,0,0,0,513,0,388530,20,20,0,0,0,0,0,0,0,0,0,0,0
0,5,0,0,0,0,0,1,5,6,256,0,392083,13,14,0,0,0,0,0,0,0,0,0,0,0,512,0,2769781,0,4,0,2202552,4,7,0,10276,0,0,0,0,174,768,0,1744612,13,69,0,408,0,0,0,27,0,0,0,0,0,257,2260,2187904,9,10,0,2160157,4,6,0,12224,0,0,0,0,0,513,0,390291,19,20,0,0,0,0,0,0,0,0,0,0,0
0,5,0,0,0,0,0,1,5,6,256,0,393846,13,14,0,0,0,0,0,0,0,0,0,0,0,512,0,2777704,0,4,0,2209898,4,7,0,10310,0,0,0,0,174,768,0,1754563,21,69,0,408,0,0,0,27,0,0,0,0,0,257,0,2197316,9,10,0,2168080,5,6,0,12270,0,0,0,0,0,513,0,392054,19,20,0,0,0,0,0,0,0,0,0,0,0
0,5,0,0,0,0,0,1,5,6,256,0,395624,13,14,0,0,0,0,0,0,0,0,0,0,0,512,0,2786018,0,4,0,2216390,3,7,0,10337,0,0,0,0,174,768,0,1764077,21,69,0,408,0,0,0,27,0,0,0,0,0,257,1748,2202132,9,10,0,2176394,4,6,0,12318,0,0,0,0,0,513,0,393832,19,20,0,0,0,0,0,0,0,0,0,0,0
0,5,0,0,0,0,0,1,5,6,256,0,397436,13,14,0,0,0,0,0,0,0,0,0,0,0,512,0,2794378,0,4,0,2223168,4,7,0,10368,0,0,0,0,174,768,0,1773789,19,69,0,408,0,0,0,27,0,0,0,0,0,257,2772,2208520,9,10,0,2184754,3,6,0,12367,0,0,0,0,0,513,0,395644,19,20,0,0,0,0,0,0,0,0,0,0,0
0,5,0,0,0,0,0,1,5,6,256,0,399233,14,14,0,0,0,0,0,0,0,0,0,0,0,512,0,2802347,0,4,0,2229911,5,7,0,10395,0,0,0,0,174,768,0,1783402,21,69,0,408,0,0,0,27,0,0,0,0,0,257,0,2217344,9,10,0,2192723,4,6,0,12414,0,0,0,0,0,513,0,397441,20,20,0,0,0,0,0,0,0,0,0,0,0
0,5,0,0,0,0,0,1,5,6,256,0,401017,13,14,0,0,0,0,0,0,0,0,0,0,0,512,0,2810679,0,4,0,2236950,4,7,0,10427,0,0,0,0,174,768,0,1793314,21,69,0,408,0,0,0,27,0,0,0,0,0,257,0,2224328,9,10,0,2201055,3,6,0,12463,0,0,0,0,0,513,0,399225,19,20,0,0,0,0,0,0,0,0,0,0,0
0,5,0,0,0,0,0,1,5,6,256,0,402803,14,14,0,0,0,0,0,0,0,0,0,0,0,512,0,2818781,0,4,0,2243835,5,7,0,10454,0,0,0,0,174,768,0,1802948,21,69,0,408,0,0,0,27,0,0,0,0,0,257,2772,2228632,9,10,0,2209157,4,6,0,12511,0,0,0,0,0,513,0,401011,20,20,0,0,0,0,0,0,0,0,0,0,0
0,5,0,0,0,0,0,1,5,6,256,0,404589,13,14,0,0,0,0,0,0,0,0,0,0,0,512,0,2827115,0,4,0,2250743,4,7,0,10489,0,0,0,0,174,768,0,1813270,20,69,0,408,0,0,0,27,0,0,0,0,0,257,0,2238128,9,10,0,2217491,5,6,0,12560,0,0,0,0,0,513,0,402797,19,20,0,0,0,0,0,0,0,0,0,0,0
0,5,0,0,0,0,0,1,5,6,256,0,406375,14,14,0,0,0,0,0,0,0,0,0,0,0,512,0,2834841,0,4,0,2257130,5,7,0,10516,0,0,0,0,174,768,0,1822952,21,69,0,408,0,0,0,27,0,0,0,0,0,257,0,2244692,9,10,0,2225217,3,6,0,12606,0,0,0,0,0,513,0,404583,20,20,0,0,0,0,0,0,0,0,0,0,0
0,5,0,0,0,0,0,1,5,6,256,0,408163,13,14,0,0,0,0,0,0,0,0,0,0,0,512,0,2843177,0,4,0,2264084,4,7,0,10547,0,0,0,0,174,768,0,1832612,20,69,0,408,0,0,0,27,0,0,0,0,0,257,2260,2249332,9,10,0,2233553,3,6,0,12655,0,0,0,0,0,513,0,406371,19,20,0,0,0,0,0,0,0,0,0,0,0
0,5,0,0,0,0,0,1,5,6,256,0,409943,13,14,0,0,0,0,0,0,0,0,0,0,0,512,0,2851505,0,4,0,2270688,4,7,0,10574,0,0,0,0,174,768,0,1842064,21,69,0,408,0,0,0,27,0,0,0,0,0,257,0,2258156,9,10,0,2241881,3,6,0,12704,0,0,0,0,0,513,0,408151,19,20,0,0,0,0,0,0,0,0,0,0,0
0,5,0,0,0,0,0,1,5,6,256,0,411729,13,14,0,0,0,0,0,0,0,0,0,0,0,512,0,2859839,0,4,0,2277548,3,7,0,10606,0,0,0,0,174,768,0,1852096,20,69,0,408,0,0,0,27,0,0,0,0,0,257,0,2265140,9,10,0,2250215,3,6,0,12753,0,0,0,0,0,513,0,409937,19,20,0,0,0,0,0,0,0,0,0,0,0
0,5,0,0,0,0,0,1,5,6,256,0,413474,13,14,0,0,0,0,0,0,0,0,0,0,0,512,0,2867744,0,4,0,2284647,4,7,0,10633,0,0,0,0,174,768,0,1861683,21,69,0,408,0,0,0,27,0,0,0,0,0,257,2260,2269444,9,10,0,2258120,4,6,0,12799,0,0,0,0,0,513,0,411682,19,20,0,0,0,0,0,0,0,0,0,0,0
0,5,0,0,0,0,0,1,5,6,256,0,415219,13,14,0,0,0,0,0,0,0,0,0,0,0,512,0,2876025,0,4,0,2291901,4,7,0,10672,0,0,0,0,174,768,0,1872094,21,69,0,408,0,0,0,27,0,0,0,0,0,257,0,2279276,9,10,0,2266401,4,6,0,12847,0,0,0,0,0,513,0,413427,18,20,0,0,0,0,0,0,0,0,0,0,0
0,5,0,0,0,0,0,1,5,6,256,0,416997,14,14,0,0,0,0,0,0,0,0,0,0,0,512,0,2883975,0,4,0,2298319,4,7,0,10699,0,0,0,0,174,768,0,1881626,20,69,0,408,0,0,0,27,0,0,0,0,0,257,0,2285840,9,10,0,2274351,4,6,0,12894,0,0,0,0,0,513,0,415205,19,20,0,0,0,0,0,0,0,0,0,0,0
0,5,0,0,0,0,0,1,5,6,256,0,418806,13,14,0,0,0,0,0,0,0,0,0,0,0,512,0,2892332,0,4,0,2305276,4,7,0,10732,0,0,0,0,174,768,0,1891405,21,69,0,408,0,0,0,27,0,0,0,0,0,257,2260,2290648,9,10,0,2282708,3,6,0,12943,0,0,0,0,0,513,0,417014,19,20,0,0,0,0,0,0,0,0,0,0,0
0,5,0,0,0,0,0,1,5,6,256,0,420615,13,14,0,0,0,0,0,0,0,0,0,0,0,512,0,2900081,0,4,0,2312074,4,7,0,10759,0,0,0,0,174,768,0,1901040,21,69,0,408,0,0,0,27,0,0,0,0,0,257,0,2299472,9,10,0,2290457,5,6,0,12989,0,0,0,0,0,513,0,418823,19,20,0,0,0,0,0,0,0,0,0,0,0
0,5,0,0,0,0,0,1,5,6,256,0,422416,13,14,0,0,0,0,0,0,0,0,0,0,0,512,0,2908430,0,4,0,2318962,4,7,0,10791,0,0,0,0,174,768,0,1911037,20,69,0,408,0,0,0,27,0,0,0,0,0,257,0,2306456,9,10,0,2298806,5,6,0,13038,0,0,0,0,0,513,0,420624,19,20,0,0,0,0,0,0,0,0,0,0,0
0,5,0,0,0,0,0,1,5,6,256,0,424223,14,14,0,0,0,0,0,0,0,0,0,0,0,512,0,2916409,0,4,0,2325386,4,7,0,10818,0,0,0,0,174,768,0,1920626,20,69,0,408,0,0,0,27,0,0,0,0,0,257,2772,2310760,9,10,0,2306785,5,6,0,13085,0,0,0,0,0,513,0,422431,20,20,0,0,0,0,0,0,0,0,0,0,0
0,5,0,0,0,0,0,1,5,6,256,0,426043,13,14,0,0,0,0,0,0,0,0,0,0,0,512,0,2924777,0,4,0,2333006,5,7,0,10855,0,0,0,0,174,768,0,1931168,21,69,0,408,0,0,0,27,0,0,0,0,0,257,0,2320424,9,10,0,2315153,3,6,0,13134,0,0,0,0,0,513,0,424251,20,20,0,0,0,0,0,0,0,0,0,0,0
0,5,0,0,0,0,0,1,5,6,256,0,427855,14,14,0,0,0,0,0,0,0,0,0,0,0,512,0,2932761,0,4,0,2339548,4,7,0,10882,0,0,0,0,174,768,0,1940806,20,69,0,408,0,0,0,27,0,0,0,0,0,257,0,2326988,9,10,0,2323137,5,6,0,13181,0,0,0,0,0,513,0,426063,20,20,0,0,0,0,0,0,0,0,0,0,0
0,5,0,0,0,0,0,1,5,6,256,0,429667,13,14,0,0,0,0,0,0,0,0,0,0,0,512,0,2941121,0,4,0,2346289,5,7,0,10914,0,0,0,0,174,768,0,1950596,21,69,0,408,0,0,0,27,0,0,0,0,0,257,2772,2331200,9,10,0,2331497,3,6,0,13230,0,0,0,0,0,513,0,427875,20,20,0,0,0,0,0,0,0,0,0,0,0
0,5,0,0,0,0,0,1,5,6,256,0,431496,14,14,0,0,0,0,0,0,0,0,0,0,0,512,0,2949498,0,4,0,2353118,3,7,0,10941,0,0,0,0,174,768,0,1960315,21,69,0,408,0,0,0,27,0,0,0,0,0,257,0,2340536,9,10,0,2339874,5,6,0,13279,0,0,0,0,0,513,0,429704,21,21,0,0,0,0,0,0,0,0,0,0,0
0,5,0,0,0,0,0,1,5,6,256,0,433343,14,14,0,0,0,0,0,0,0,0,0,0,0,512,0,2957905,0,4,0,2359852,4,7,0,10972,0,0,0,0,174,768,0,1970436,21,69,0,408,0,0,0,27,0,0,0,0,0,257,0,2347436,9,10,0,2348281,5,6,0,13329,0,0,0,0,0,513,0,431551,21,21,0,0,0,0,0,0,0,0,0,0,0
0,5,0,0,0,0,0,1,5,6,256,0,435190,14,14,0,0,0,0,0,0,0,0,0,0,0,512,0,2965936,0,4,0,2366879,4,7,0,10999,0,0,0,0,174,768,0,1980181,21,69,0,408,0,0,0,27,0,0,0,0,0,257,2772,2351228,9,10,0,2356312,4,6,0,13377,0,0,0,0,0,513,0,433398,21,21,0,0,0,0,0,0,0,0,0,0,0
0,5,0,0,0,0,0,1,5,6,256,0,437037,14,14,0,0,0,0,0,0,0,0,0,0,0,512,0,2974343,0,4,0,2374474,4,7,0,11042,0,0,0,0,174,768,0,1991124,21,69,0,408,0,0,0,27,0,0,0,0,0,257,0,2361908,9,10,0,2364719,4,6,0,13427,0,0,0,0,0,513,0,435245,21,21,0,0,0,0,0,0,0,0,0,0,0
0,5,0,0,0,0,0,1,5,6,256,0,438889,15,15,0,0,0,0,0,0,0,0,0,0,0,512,0,2982391,0,4,0,2381061,4,7,0,11069,0,0,0,0,174,768,0,2001808,21,69,0,408,0,0,0,27,0,0,0,0,0,257,0,2368472,9,10,0,2372767,4,6,0,13476,0,0,0,0,0,513,0,437097,21,21,0,0,0,0,0,0,0,0,0,0,0
0,5,0,0,0,0,0,1,5,6,256,0,440736,14,15,0,0,0,0,0,0,0,0,0,0,0,512,0,2990798,0,4,0,2387912,4,7,0,11102,0,0,0,0,174,768,0,2010973,15,69,0,408,0,0,0,27,0,0,0,0,0,257,2772,2373280,9,10,0,2381174,5,6,0,13526,0,0,0,0,0,513,0,438944,21,21,0,0,0,0,0,0,0,0,0,0,0
0,5,0,0,0,0,0,1,5,6,256,0,442601,15,15,0,0,0,0,0,0,0,0,0,0,0,512,0,2999235,0,4,0,2394747,4,7,0,11129,0,0,0,0,174,768,0,2020768,21,69,0,408,0,0,0,27,0,0,0,0,0,257,0,2382104,9,10,0,2389611,5,6,0,13577,0,0,0,0,0,513,0,440809,21,21,0,0,0,0,0,0,0,0,0,0,0
0,5,0,0,0,0,0,1,5,6,256,0,444479,15,15,0,0,0,0,0,0,0,0,0,0,0,512,0,3007685,0,4,0,2401694,5,7,0,11162,0,0,0,0,174,768,0,2031070,21,69,0,408,0,0,0,27,0,0,0,0,0,257,0,2389172,9,10,0,2398061,5,6,0,13628,0,0,0,0,0,513,0,442687,21,21,0,0,0,0,0,0,0,0,0,0,0
0,5,0,0,0,0,0,1,5,6,256,0,446329,14,15,0,0,0,0,0,0,0,0,0,0,0,512,0,3015719,0,4,0,2408121,4,7,0,11189,0,0,0,0,174,768,0,2040772,21,69,0,408,0,0,0,27,0,0,0,0,0,257,2772,2393476,9,10,0,2406095,5,6,0,13676,0,0,0,0,0,513,0,444537,21,21,0,0,0,0,0,0,0,0,0,0,0
0,5,0,0,0,0,0,1,5,6,256,0,448179,14,15,0,0,0,0,0,0,0,0,0,0,0,512,0,3024129,0,4,0,2415883,5,7,0,11224,0,0,0,0,174,768,0,2051082,21,69,0,408,0,0,0,27,0,0,0,0,0,257,1748,2401224,9,10,0,2414505,5,6,0,13726,0,0,0,0,0,513,0,446387,21,21,0,0,0,0,0,0,0,0,0,0,0
0,5,0,0,0,0,0,1,5,6,256,0,450031,14,15,0,0,0,0,0,0,0,0,0,0,0,512,0,3032165,0,4,0,2422138,5,7,0,11251,0,0,0,0,174,768,0,2060726,21,69,0,408,0,0,0,27,0,0,0,0,0,257,0,2409536,9,10,0,2422541,4,6,0,13774,0,0,0,0,0,513,0,448239,21,21,0,0,0,0,0,0,0,0,0,0,0
0,5,0,0,0,0,0,1,5,6,256,0,451888,15,15,0,0,0,0,0,0,0,0,0,0,0,512,0,3040694,0,4,0,2428921,4,7,0,11284,0,0,0,0,174,768,0,2070583,21,69,0,408,0,0,0,27,0,0,0,0,0,257,2772,2413832,9,10,0,2431070,5,6,0,13826,0,0,0,0,0,513,0,450096,21,21,0,0,0,0,0,0,0,0,0,0,0
0,5,0,0,0,0,0,1,5,6,256,0,453749,15,15,0,0,0,0,0,0,0,0,0,0,0,512,0,3048751,0,4,0,2435486,4,7,0,11311,0,0,0,0,174,768,0,2080332,21,69,0,408,0,0,0,27,0,0,0,0,0,257,0,2423168,9,10,0,2439127,4,6,0,13875,0,0,0,0,0,513,0,451957,21,21,0,0,0,0,0,0,0,0,0,0,0
0,5,0,0,0,0,0,1,5,6,256,0,455610,15,15,0,0,0,0,0,0,0,0,0,0,0,512,0,3057284,0,4,0,2442796,4,7,0,11343,0,0,0,0,174,768,0,2090545,21,69,0,408,0,0,0,27,0,0,0,0,0,257,0,2430152,9,10,0,2447660,5,6,0,13927,0,0,0,0,0,513,0,453818,21,21,0,0,0,0,0,0,0,0,0,0,0
0,5,0,0,0,0,0,1,5,6,256,0,457453,14,15,0,0,0,0,0,0,0,0,0,0,0,512,0,3065079,0,4,0,2449634,5,7,0,11370,0,0,0,0,174,768,0,2100444,21,69,0,408,0,0,0,27,0,0,0,0,0,257,2772,2433944,9,10,0,2455455,4,6,0,13974,0,0,0,0,0,513,0,455661,21,21,0,0,0,0,0,0,0,0,0,0,0
0,5,0,0,0,0,0,1,5,6,256,0,459296,14,15,0,0,0,0,0,0,0,0,0,0,0,512,0,3073482,0,4,0,2456873,5,7,0,11409,0,0,0,0,174,768,0,2111247,21,69,0,408,0,0,0,27,0,0,0,0,0,257,0,2444288,9,10,0,2463858,4,6,0,14024,0,0,0,0,0,513,0,457504,20,21,0,0,0,0,0,0,0,0,0,0,0
0,5,0,0,0,0,0,1,5,6,256,0,461108,14,15,0,0,0,0,0,0,0,0,0,0,0,512,0,3081942,0,4,0,2463635,4,7,0,11436,0,0,0,0,174,768,0,2121119,21,69,0,408,0,0,0,27,0,0,0,0,0,257,40,2450852,9,10,0,2472318,3,6,0,14074,0,0,0,0,0,513,0,459316,20,21,0,0,0,0,0,0,0,0,0,0,0
0,5,0,0,0,0,0,1,5,6,256,0,462934,13,15,0,0,0,0,0,0,0,0,0,0,0,512,0,3090084,0,4,0,2470178,5,7,0,11466,0,0,0,0,174,768,0,2131121,21,69,0,408,0,0,0,27,0,0,0,0,0,257,2260,2455452,9,10,0,2480460,3,6,0,14122,0,0,0,0,0,513,0,461142,20,21,0,0,0,0,0,0,0,0,0,0,0
0,5,0,0,0,0,0,1,5,6,256,0,464790,14,15,0,0,0,0,0,0,0,0,0,0,0,512,0,3098500,0,4,0,2476946,5,7,0,11493,0,0,0,0,174,768,0,2141141,20,69,0,408,0,0,0,27,0,0,0,0,0,257,0,2464276,9,10,0,2488876,5,6,0,14172,0,0,0,0,0,513,0,462998,20,21,0,0,0,0,0,0,0,0,0,0,0
0,5,0,0,0,0,0,1,5,6,256,0,466646,14,15,0,0,0,0,0,0,0,0,0,0,0,512,0,3106916,0,4,0,2483678,5,7,0,11525,0,0,0,0,174,768,0,2151375,21,69,0,408,0,0,0,27,0,0,0,0,0,257,0,2471260,9,10,0,2497292,4,6,0,14222,0,0,0,0,0,513,0,464854,21,21,0,0,0,0,0,0,0,0,0,0,0
0,5,0,0,0,0,0,1,5,6,256,0,468505,14,15,0,0,0,0,0,0,0,0,0,0,0,512,0,3114727,0,4,0,2490184,5,7,0,11552,0,0,0,0,174,768,0,2161488,21,69,0,408,0,0,0,27,0,0,0,0,0,257,2772,2475564,9,10,0,2505103,4,6,0,14269,0,0,0,0,0,513,0,466713,21,21,0,0,0,0,0,0,0,0,0,0,0
0,5,0,0,0,0,0,1,5,6,256,0,470372,14,15,0,0,0,0,0,0,0,0,0,0,0,512,0,3123154,0,4,0,2497089,5,7,0,11583,0,0,0,0,174,768,0,2171997,20,69,0,408,0,0,0,27,0,0,0,0,0,257,0,2484724,9,10,0,2513530,3,6,0,14319,0,0,0,0,0,513,0,468580,21,21,0,0,0,0,0,0,0,0,0,0,0
0,5,0,0,0,0,0,1,5,6,256,0,472247,14,15,0,0,0,0,0,0,0,0,0,0,0,512,0,3131225,0,4,0,2503732,4,7,0,11610,0,0,0,0,174,768,0,2182138,20,69,0,408,0,0,0,27,0,0,0,0,0,257,0,2491288,9,10,0,2521601,4,6,0,14368,0,0,0,0,0,513,0,470455,21,21,0,0,0,0,0,0,0,0,0,0,0
0,5,0,0,0,0,0,1,5,6,256,0,474131,14,15,0,0,0,0,0,0,0,0,0,0,0,512,0,3139681,0,4,0,2510996,5,7,0,11641,0,0,0,0,174,768,0,2192268,21,69,0,408,0,0,0,27,0,0,0,0,0,257,2772,2495416,9,10,0,2530057,4,6,0,14419,0,0,0,0,0,513,0,472339,21,21,0,0,0,0,0,0,0,0,0,0,0
0,5,0,0,0,0,0,1,5,6,256,0,476019,14,15,0,0,0,0,0,0,0,0,0,0,0,512,0,3148141,0,4,0,2517481,4,7,0,11668,0,0,0,0,174,768,0,2202334,21,69,0,408,0,0,0,27,0,0,0,0,0,257,0,2504752,9,10,0,2538517,5,6,0,14470,0,0,0,0,0,513,0,474227,21,21,0,0,0,0,0,0,0,0,0,0,0
0,5,0,0,0,0,0,1,5,6,256,0,477913,15,15,0,0,0,0,0,0,0,0,0,0,0,512,0,3156243,0,4,0,2524487,5,7,0,11701,0,0,0,0,174,768,0,2212540,21,69,0,408,0,0,0,27,0,0,0,0,0,257,0,2511820,9,10,0,2546619,4,6,0,14520,0,0,0,0,0,513,0,476121,20,21,0,0,0,0,0,0,0,0,0,0,0
0,5,0,0,0,0,0,1,5,6,256,0,479769,15,15,0,0,0,0,0,0,0,0,0,0,0,512,0,3164671,0,4,0,2530704,4,7,0,11728,0,0,0,0,174,768,0,2222364,20,69,0,408,0,0,0,27,0,0,0,0,0,257,2772,2515612,9,10,0,2555047,4,6,0,14571,0,0,0,0,0,513,0,477977,20,21,0,0,0,0,0,0,0,0,0,0,0
0,5,0,0,0,0,0,1,5,6,256,0,481534,13,15,0,0,0,0,0,0,0,0,0,0,0,512,0,3172364,0,4,0,2537571,4,7,0,11755,0,0,0,0,174,768,0,2231129,16,69,0,408,0,0,0,27,0,0,0,0,0,257,0,2524948,9,10,0,2562740,3,6,0,14616,0,0,0,0,0,513,0,479742,20,21,0,0,0,0,0,0,0,0,0,0,0
0,5,0,0,0,0,0,1,5,6,256,0,483212,13,15,0,0,0,0,0,0,0,0,0,0,0,512,0,3180334,0,4,0,2543829,4,7,0,11782,0,0,0,0,174,768,0,2239495,17,69,0,408,0,0,0,27,0,0,0,0,0,257,0,2531512,9,10,0,2570710,4,6,0,14662,0,0,0,0,0,513,0,481420,19,21,0,0,0,0,0,0,0,0,0,0,0
0,5,0,0,0,0,0,1,5,6,256,0,485042,14,15,0,0,0,0,0,0,0,0,0,0,0,512,0,3188492,0,4,0,2550434,4,7,0,11809,0,0,0,0,174,768,0,2248377,17,69,0,408,0,0,0,27,0,0,0,0,0,257,3284,2534792,9,10,0,2578868,4,6,0,14711,0,0,0,0,0,513,0,483250,20,21,0,0,0,0,0,0,0,0,0,0,0
0,5,0,0,0,0,0,1,5,6,256,0,486934,14,15,0,0,0,0,0,0,0,0,0,0,0,512,0,3196700,0,4,0,2557384,5,7,0,11836,0,0,0,0,174,768,0,2257845,17,69,0,408,0,0,0,27,0,0,0,0,0,257,0,2544640,9,10,0,2587076,5,6,0,14759,0,0,0,0,0,513,0,485142,21,21,0,0,0,0,0,0,0,0,0,0,0
0,5,0,0,0,0,0,1,5,6,256,0,488793,14,15,0,0,0,0,0,0,0,0,0,0,0,512,0,3204743,0,4,0,2564028,5,7,0,11867,0,0,0,0,174,768,0,2267532,16,69,0,408,0,0,0,27,0,0,0,0,0,257,0,2551540,9,10,0,2595119,4,6,0,14807,0,0,0,0,0,513,0,487001,20,21,0,0,0,0,0,0,0,0,0,0,0
0,5,0,0,0,0,0,1,5,6,256,0,490704,15,15,0,0,0,0,0,0,0,0,0,0,0,512,0,3213226,0,4,0,2570936,6,7,0,11894,0,0,0,0,174,768,0,2277371,17,69,0,408,0,0,0,27,0,0,0,0,0,257,2772,2555844,9,10,0,2603602,3,6,0,14858,0,0,0,0,0,513,0,488912,21,21,0,0,0,0,0,0,0,0,0,0,0
0,5,0,0,0,0,0,1,5,6,256,0,492628,14,15,0,0,0,0,0,0,0,0,0,0,0,512,0,3221346,0,4,0,2577707,5,7,0,11926,0,0,0,0,174,768,0,2287231,17,69,0,408,0,0,0,27,0,0,0,0,0,257,0,2565088,9,10,0,2611722,3,6,0,14907,0,0,0,0,0,513,0,490836,21,21,0,0,0,0,0,0,0,0,0,0,0
0,5,0,0,0,0,0,1,5,6,256,0,494547,15,15,0,0,0,0,0,0,0,0,0,0,0,512,0,3229605,0,4,0,2584244,3,7,0,11953,0,0,0,0,174,768,0,2297026,16,69,0,408,0,0,0,27,0,0,0,0,0,257,0,2571652,9,10,0,2619981,4,6,0,14957,0,0,0,0,0,513,0,492755,21,21,0,0,0,0,0,0,0,0,0,0,0
0,5,0,0,0,0,0,1,5,6,256,0,496466,14,15,0,0,0,0,0,0,0,0,0,0,0,512,0,3238096,0,4,0,2590964,5,7,0,11985,0,0,0,0,174,768,0,2306891,17,69,0,408,0,0,0,27,0,0,0,0,0,257,2772,2576376,9,10,0,2628472,4,6,0,15008,0,0,0,0,0,513,0,494674,20,21,0,0,0,0,0,0,0,0,0,0,0
0,5,0,0,0,0,0,1,5,6,256,0,498375,14,15,0,0,0,0,0,0,0,0,0,0,0,512,0,3245969,0,4,0,2597612,5,7,0,12012,0,0,0,0,174,768,0,2316490,16,69,0,408,0,0,0,27,0,0,0,0,0,257,388,2585200,9,10,0,2636345,4,6,0,15056,0,0,0,0,0,513,0,496583,20,21,0,0,0,0,0,0,0,0,0,0,0
0,5,0,0,0,0,0,1,5,6,256,0,500259,14,15,0,0,0,0,0,0,0,0,0,0,0,512,0,3254413,0,4,0,2605029,5,7,0,12043,0,0,0,0,174,768,0,2326352,17,69,0,408,0,0,0,27,0,0,0,0,0,257,2260,2589840,9,10,0,2644789,3,6,0,15106,0,0,0,0,0,513,0,498467,20,21,0,0,0,0,0,0,0,0,0,0,0
0,5,0,0,0,0,0,1,5,6,256,0,502137,14,15,0,0,0,0,0,0,0,0,0,0,0,512,0,3262851,0,4,0,2611496,4,7,0,12070,0,0,0,0,174,768,0,2336044,17,69,0,408,0,0,0,27,0,0,0,0,0,257,2772,2595892,9,10,0,2653227,5,6,0,15156,0,0,0,0,0,513,0,500345,20,21,0,0,0,0,0,0,0,0,0,0,0
0,5,0,0,0,0,0,1,5,6,256,0,504022,14,15,0,0,0,0,0,0,0,0,0,0,0,512,0,3270688,0,4,0,2617927,4,7,0,12101,0,0,0,0,174,768,0,2345863,21,69,0,408,0,0,0,27,0,0,0,0,0,257,0,2605564,9,10,0,2661064,4,6,0,15203,0,0,0,0,0,513,0,502230,20,21,0,0,0,0,0,0,0,0,0,0,0
0,5,0,0,0,0,0,1,5,6,256,0,505914,15,15,0,0,0,0,0,0,0,0,0,0,0,512,0,3279152,0,4,0,2624607,4,7,0,12128,0,0,0,0,174,768,0,2356441,21,69,0,408,0,0,0,27,0,0,0,0,0,257,0,2612128,9,10,0,2669528,4,6,0,15254,0,0,0,0,0,513,0,504122,20,21,0,0,0,0,0,0,0,0,0,0,0
0,5,0,0,0,0,0,1,5,6,256,0,507743,14,15,0,0,0,0,0,0,0,0,0,0,0,512,0,3287165,0,4,0,2631371,5,7,0,12159,0,0,0,0,174,768,0,2365360,15,69,0,408,0,0,0,27,0,0,0,0,0,257,2772,2616256,5,10,0,2677541,5,6,0,15302,0,0,0,0,0,513,0,505951,19,21,0,0,0,0,0,0,0,0,0,0,0
0,5,0,0,0,0,0,1,5,6,256,0,509561,14,15,0,0,0,0,0,0,0,0,0,0,0,512,0,3295543,0,4,0,2638286,4,7,0,12186,0,0,0,0,174,768,0,2375292,21,69,0,408,0,0,0,27,0,0,0,0,0,257,0,2625592,9,10,0,2685919,4,6,0,15352,0,0,0,0,0,513,0,507769,19,21,0,0,0,0,0,0,0,0,0,0,0
0,5,0,0,0,0,0,1,5,6,256,0,511361,13,15,0,0,0,0,0,0,0,0,0,0,0,512,0,3303891,0,4,0,2645389,4,7,0,12220,0,0,0,0,174,768,0,2385654,21,69,0,408,0,0,0,27,0,0,0,0,0,257,0,2632744,9,10,0,2694267,5,6,0,15401,0,0,0,0,0,513,0,509569,19,21,0,0,0,0,0,0,0,0,0,0,0
0,5,0,0,0,0,0,1,5,6,256,0,513148,14,15,0,0,0,0,0,0,0,0,0,0,0,512,0,3311850,0,4,0,2652143,4,7,0,12247,0,0,0,0,174,768,0,2395619,21,69,0,408,0,0,0,27,0,0,0,0,0,257,2772,2636536,9,10,0,2702226,5,6,0,15448,0,0,0,0,0,513,0,511356,19,21,0,0,0,0,0,0,0,0,0,0,0
0,5,0,0,0,0,0,1,5,6,256,0,514970,14,15,0,0,0,0,0,0,0,0,0,0,0,512,0,3320000,0,4,0,2659238,5,7,0,12281,0,0,0,0,174,768,0,2405683,21,69,0,408,0,0,0,27,0,0,0,0,0,257,0,2646460,9,10,0,2710376,4,6,0,15497,0,0,0,0,0,513,0,513178,19,21,0,0,0,0,0,0,0,0,0,0,0
0,5,0,0,0,0,0,1,5,6,256,0,516792,14,15,0,0,0,0,0,0,0,0,0,0,0,512,0,3328150,0,4,0,2665492,4,7,0,12308,0,0,0,0,174,768,0,2415479,20,69,0,408,0,0,0,27,0,0,0,0,0,257,0,2653024,9,10,0,2718526,5,6,0,15546,0,0,0,0,0,513,0,515000,20,21,0,0,0,0,0,0,0,0,0,0,0
0,5,0,0,0,0,0,1,5,6,256,0,518627,14,15,0,0,0,0,0,0,0,0,0,0,0,512,0,3336401,0,4,0,2673035,4,7,0,12341,0,0,0,0,174,768,0,2425520,21,69,0,408,0,0,0,27,0,0,0,0,0,257,2260,2657832,9,10,0,2726777,3,6,0,15595,0,0,0,0,0,513,0,516835,20,21,0,0,0,0,0,0,0,0,0,0,0
0,5,0,0,0,0,0,1,5,6,256,0,520447,14,15,0,0,0,0,0,0,0,0,0,0,0,512,0,3344549,0,4,0,2679348,4,7,0,12368,0,0,0,0,174,768,0,2435482,21,69,0,408,0,0,0,27,0,0,0,0,0,257,388,2666268,9,10,0,2734925,4,6,0,15644,0,0,0,0,0,513,0,518655,19,21,0,0,0,0,0,0,0,0,0,0,0
0,5,0,0,0,0,0,1,5,6,256,0,522267,14,15,0,0,0,0,0,0,0,0,0,0,0,512,0,3352929,0,4,0,2686288,5,7,0,12402,0,0,0,0,174,768,0,2445798,21,69,0,408,0,0,0,27,0,0,0,0,0,257,0,2673808,9,10,0,2743305,3,6,0,15694,0,0,0,0,0,513,0,520475,19,21,0,0,0,0,0,0,0,0,0,0,0
0,5,0,0,0,0,0,1,5,6,256,0,524137,15,15,0,0,0,0,0,0,0,0,0,0,0,512,0,3360995,0,4,0,2692706,4,7,0,12429,0,0,0,0,174,768,0,2456032,21,69,0,408,0,0,0,27,0,0,0,0,0,257,2772,2678112,9,10,0,2751371,5,6,0,15743,0,0,0,0,0,513,0,522345,21,21,0,0,0,0,0,0,0,0,0,0,0
0,5,0,0,0,0,0,1,5,6,256,0,526009,14,15,0,0,0,0,0,0,0,0,0,0,0,512,0,3369207,0,4,0,2700161,4,7,0,12466,0,0,0,0,174,768,0,2466496,20,69,0,408,0,0,0,27,0,0,0,0,0,257,0,2687776,9,10,0,2759583,4,6,0,15793,0,0,0,0,0,513,0,524217,20,21,0,0,0,0,0,0,0,0,0,0,0
0,5,0,0,0,0,0,1,5,6,256,0,527863,14,15,0,0,0,0,0,0,0,0,0,0,0,512,0,3377389,0,4,0,2706861,4,7,0,12493,0,0,0,0,174,768,0,2476538,20,69,0,408,0,0,0,27,0,0,0,0,0,257,0,2694340,9,10,0,2767765,4,6,0,15842,0,0,0,0,0,513,0,526071,21,21,0,0,0,0,0,0,0,0,0,0,0
0,5,0,0,0,0,0,1,5,6,256,0,529728,14,15,0,0,0,0,0,0,0,0,0,0,0,512,0,3385814,0,4,0,2713763,4,7,0,12526,0,0,0,0,174,768,0,2486719,20,69,0,408,0,0,0,27,0,0,0,0,0,257,2772,2698636,9,10,0,2776190,4,6,0,15892,0,0,0,0,0,513,0,527936,20,21,0,0,0,0,0,0,0,0,0,0,0
0,5,0,0,0,0,0,1,5,6,256,0,531597,14,15,0,0,0,0,0,0,0,0,0,0,0,512,0,3393867,0,4,0,2720358,5,7,0,12553,0,0,0,0,174,768,0,2496832,20,69,0,408,0,0,0,27,0,0,0,0,0,257,0,2707972,9,10,0,2784243,4,6,0,15940,0,0,0,0,0,513,0,529805,21,21,0,0,0,0,0,0,0,0,0,0,0
0,5,0,0,0,0,0,1,5,6,256,0,533453,14,15,0,0,0,0,0,0,0,0,0,0,0,512,0,3402283,0,4,0,2727489,4,7,0,12585,0,0,0,0,174,768,0,2507306,20,69,0,408,0,0,0,27,0,0,0,0,0,257,0,2714956,9,10,0,2792659,4,6,0,15990,0,0,0,0,0,513,0,531661,20,21,0,0,0,0,0,0,0,0,0,0,0
0,5,0,0,0,0,0,1,5,6,256,0,535309,14,15,0,0,0,0,0,0,0,0,0,0,0,512,0,3410323,0,4,0,2734014,5,7,0,12612,0,0,0,0,174,768,0,2517328,21,69,0,408,0,0,0,27,0,0,0,0,0,257,2260,2719260,9,10,0,2800699,3,6,0,16038,0,0,0,0,0,513,0,533517,20,21,0,0,0,0,0,0,0,0,0,0,0
0,5,0,0,0,0,0,1,5,6,256,0,537163,14,15,0,0,0,0,0,0,0,0,0,0,0,512,0,3418737,0,4,0,2741640,6,7,0,12649,0,0,0,0,174,768,0,2528044,21,69,0,408,0,0,0,27,0,0,0,0,0,257,0,2728924,9,10,0,2809113,3,6,0,16088,0,0,0,0,0,513,0,535371,19,21,0,0,0,0,0,0,0,0,0,0,0
0,5,0,0,0,0,0,1,5,6,256,0,539029,14,15,0,0,0,0,0,0,0,0,0,0,0,512,0,3426699,0,4,0,2747931,5,7,0,12676,0,0,0,0,174,768,0,2538180,21,69,0,408,0,0,0,27,0,0,0,0,0,257,0,2735488,9,10,0,2817075,4,6,0,16136,0,0,0,0,0,513,0,537237,20,21,0,0,0,0,0,0,0,0,0,0,0
0,5,0,0,0,0,0,1,5,6,256,0,540913,15,15,0,0,0,0,0,0,0,0,0,0,0,512,0,3435011,0,4,0,2754886,5,7,0,12709,0,0,0,0,174,768,0,2548594,20,69,0,408,0,0,0,27,0,0,0,0,0,257,2772,2740296,9,10,0,2825387,4,6,0,16186,0,0,0,0,0,513,0,539121,20,21,0,0,0,0,0,0,0,0,0,0,0
0,5,0,0,0,0,0,1,5,6,256,0,542792,14,15,0,0,0,0,0,0,0,0,0,0,0,512,0,3443450,0,4,0,2761793,6,7,0,12736,0,0,0,0,174,768,0,2558763,21,69,0,408,0,0,0,27,0,0,0,0,0,257,0,2749120,9,10,0,2833826,4,6,0,16236,0,0,0,0,0,513,0,541000,21,21,0,0,0,0,0,0,0,0,0,0,0
0,5,0,0,0,0,0,1,5,6,256,0,544689,14,15,0,0,0,0,0,0,0,0,0,0,0,512,0,3451919,0,4,0,2768893,6,7,0,12770,0,0,0,0,174,768,0,2569378,21,69,0,408,0,0,0,27,0,0,0,0,0,257,0,2756272,9,10,0,2842295,5,6,0,16287,0,0,0,0,0,513,0,542897,20,21,0,0,0,0,0,0,0,0,0,0,0
0,5,0,0,0,0,0,1,5,6,256,0,546546,14,15,0,0,0,0,0,0,0,0,0,0,0,512,0,3459948,0,4,0,2775727,6,7,0,12797,0,0,0,0,174,768,0,2579477,21,69,0,408,0,0,0,27,0,0,0,0,0,257,2772,2760576,9,10,0,2850324,6,6,0,16334,0,0,0,0,0,513,0,544754,20,21,0,0,0,0,0,0,0,0,0,0,0
0,5,0,0,0,0,0,1,5,6,256,0,548390,13,15,0,0,0,0,0,0,0,0,0,0,0,512,0,3468340,0,4,0,2783083,6,7,0,12839,0,0,0,0,174,768,0,2590565,21,69,0,408,0,0,0,27,0,0,0,0,0,257,0,2770660,9,10,0,2858716,4,6,0,16383,0,0,0,0,0,513,0,546598,19,21,0,0,0,0,0,0,0,0,0,0,0
0,5,0,0,0,0,0,1,5,6,256,0,550282,14,15,0,0,0,0,0,0,0,0,0,0,0,512,0,3476560,0,4,0,2789815,5,7,0,12866,0,0,0,0,174,768,0,2600809,20,69,0,408,0,0,0,27,0,0,0,0,0,257,0,2777224,9,10,0,2866936,5,6,0,16432,0,0,0,0,0,513,0,548490,20,21,0,0,0,0,0,0,0,0,0,0,0
0,5,0,0,0,0,0,1,5,6,256,0,552174,14,15,0,0,0,0,0,0,0,0,0,0,0,512,0,3485012,0,4,0,2796880,4,7,0,12901,0,0,0,0,174,768,0,2611275,20,69,0,408,0,0,0,27,0,0,0,0,0,257,2772,2782200,9,10,0,2875388,5,6,0,16482,0,0,0,0,0,513,0,550382,20,21,0,0,0,0,0,0,0,0,0,0,0
0,5,0,0,0,0,0,1,5,6,256,0,554117,15,15,0,0,0,0,0,0,0,0,0,0,0,512,0,3493075,0,4,0,2803668,6,7,0,12928,0,0,0,0,174,768,0,2621700,21,69,0,408,0,0,0,27,0,0,0,0,0,257,0,2791024,9,10,0,2883451,5,6,0,16532,0,0,0,0,0,513,0,552325,21,21,0,0,0,0,0,0,0,0,0,0,0
0,5,0,0,0,0,0,1,5,6,256,0,556047,15,15,0,0,0,0,0,0,0,0,0,0,0,512,0,3501589,0,4,0,2810643,6,7,0,12963,0,0,0,0,174,768,0,2632734,21,69,0,408,0,0,0,27,0,0,0,0,0,257,0,2798260,9,10,0,2891965,6,6,0,16584,0,0,0,0,0,513,0,554255,21,21,0,0,0,0,0,0,0,0,0,0,0
0,5,0,0,0,0,0,1,5,6,256,0,557988,15,15,0,0,0,0,0,0,0,0,0,0,0,512,0,3509738,0,4,0,2817758,6,7,0,12990,0,0,0,0,174,768,0,2643167,20,69,0,408,0,0,0,27,0,0,0,0,0,257,2772,2802564,9,10,0,2900114,5,6,0,16634,0,0,0,0,0,513,0,556196,21,21,0,0,0,0,0,0,0,0,0,0,0
0,5,0,0,0,0,0,1,5,6,256,0,559929,15,15,0,0,0,0,0,0,0,0,0,0,0,512,0,3518263,0,4,0,2824970,5,7,0,13029,0,0,0,0,174,768,0,2654424,21,69,0,408,0,0,0,27,0,0,0,0,0,257,0,2812396,9,10,0,2908639,4,6,0,16686,0,0,0,0,0,513,0,558137,21,21,0,0,0,0,0,0,0,0,0,0,0
0,5,0,0,0,0,0,1,5,6,256,0,561870,15,15,0,0,0,0,0,0,0,0,0,0,0,512,0,3526180,0,4,0,2831754,5,7,0,13056,0,0,0,0,174,768,0,2664717,20,69,0,408,0,0,0,27,0,0,0,0,0,257,0,2818960,9,10,0,2916556,5,6,0,16735,0,0,0,0,0,513,0,560078,21,21,0,0,0,0,0,0,0,0,0,0,0
0,5,0,0,0,0,0,1,5,6,256,0,563779,14,15,0,0,0,0,0,0,0,0,0,0,0,512,0,3534909,0,4,0,2838222,6,7,0,13087,0,0,0,0,174,768,0,2674850,20,69,0,408,0,0,0,27,0,0,0,0,0,257,2772,2823600,9,10,0,2925285,5,6,0,16787,0,0,0,0,0,513,0,561987,21,21,0,0,0,0,0,0,0,0,0,0,0
0,5,0,0,0,0,0,1,5,6,256,0,565666,14,15,0,0,0,0,0,0,0,0,0,0,0,512,0,3542980,0,4,0,2844996,5,7,0,13114,0,0,0,0,174,768,0,2684833,21,69,0,408,0,0,0,27,0,0,0,0,0,257,0,2832424,9,10,0,2933356,4,6,0,16835,0,0,0,0,0,513,0,563874,21,21,0,0,0,0,0,0,0,0,0,0,0
0,5,0,0,0,0,0,1,5,6,256,0,567569,14,15,0,0,0,0,0,0,0,0,0,0,0,512,0,3551223,0,4,0,2852031,4,7,0,13145,0,0,0,0,174,768,0,2694584,21,69,0,408,0,0,0,27,0,0,0,0,0,257,0,2839324,9,10,0,2941599,5,6,0,16885,0,0,0,0,0,513,0,565777,21,21,0,0,0,0,0,0,0,0,0,0,0
0,5,0,0,0,0,0,1,5,6,256,0,569457,14,15,0,0,0,0,0,0,0,0,0,0,0,512,0,3559683,0,4,0,2858324,4,7,0,13172,0,0,0,0,174,768,0,2704704,21,69,0,408,0,0,0,27,0,0,0,0,0,257,2260,2843628,9,10,0,2950059,6,6,0,16936,0,0,0,0,0,513,0,567665,20,21,0,0,0,0,0,0,0,0,0,0,0
0,5,0,0,0,0,0,1,5,6,256,0,571345,14,15,0,0,0,0,0,0,0,0,0,0,0,512,0,3567911,0,4,0,2865437,5,7,0,13204,0,0,0,0,174,768,0,2715056,20,69,0,408,0,0,0,27,0,0,0,0,0,257,388,2852484,9,10,0,2958287,3,6,0,16986,0,0,0,0,0,513,0,569553,20,21,0,0,0,0,0,0,0,0,0,0,0
0,5,0,0,0,0,0,1,5,6,256,0,573243,14,15,0,0,0,0,0,0,0,0,0,0,0,512,0,3576149,0,4,0,2872005,4,7,0,13231,0,0,0,0,174,768,0,2725154,21,69,0,408,0,0,0,27,0,0,0,0,0,257,0,2859436,9,10,0,2966525,4,6,0,17036,0,0,0,0,0,513,0,571451,21,21,0,0,0,0,0,0,0,0,0,0,0
0,5,0,0,0,0,0,1,5,6,256,0,575146,14,15,0,0,0,0,0,0,0,0,0,0,0,512,0,3584248,0,4,0,2879363,4,7,0,13263,0,0,0,0,174,768,0,2735489,21,69,0,408,0,0,0,27,0,0,0,0,0,257,2260,2864160,9,10,0,2974624,4,6,0,17085,0,0,0,0,0,513,0,573354,21,21,0,0,0,0,0,0,0,0,0,0,0
0,5,0,0,0,0,0,1,5,6,256,0,577047,14,15,0,0,0,0,0,0,0,0,0,0,0,512,0,3592721,0,4,0,2885522,4,7,0,13290,0,0,0,0,174,768,0,2745790,21,69,0,408,0,0,0,27,0,0,0,0,0,257,0,2872984,9,10,0,2983097,4,6,0,17136,0,0,0,0,0,513,0,575255,21,21,0,0,0,0,0,0,0,0,0,0,0
0,5,0,0,0,0,0,1,5,6,256,0,578952,14,15,0,0,0,0,0,0,0,0,0,0,0,512,0,3600822,0,4,0,2892545,4,7,0,13325,0,0,0,0,174,768,0,2756667,20,69,0,408,0,0,0,27,0,0,0,0,0,257,0,2880220,9,10,0,2991198,3,6,0,17185,0,0,0,0,0,513,0,577160,21,21,0,0,0,0,0,0,0,0,0,0,0
0,5,0,0,0,0,0,1,5,6,256,0,580857,14,15,0,0,0,0,0,0,0,0,0,0,0,512,0,3609299,0,4,0,2899715,4,7,0,13352,0,0,0,0,174,768,0,2766964,20,69,0,408,0,0,0,27,0,0,0,0,0,257,2772,2884012,9,10,0,2999675,2,6,0,17236,0,0,0,0,0,513,0,579065,21,21,0,0,0,0,0,0,0,0,0,0,0
0,5,0,0,0,0,0,1,5,6,256,0,582762,14,15,0,0,0,0,0,0,0,0,0,0,0,512,0,3617632,0,4,0,2906827,4,7,0,13390,0,0,0,0,174,768,0,2777749,20,69,0,408,0,0,0,27,0,0,0,0,0,257,0,2894272,9,10,0,3008008,3,6,0,17286,0,0,0,0,0,513,0,580970,21,21,0,0,0,0,0,0,0,0,0,0,0
0,5,0,0,0,0,0,1,5,6,256,0,584680,14,15,0,0,0,0,0,0,0,0,0,0,0,512,0,3625890,0,4,0,2913285,4,7,0,13417,0,0,0,0,174,768,0,2787951,20,69,0,408,0,0,0,27,0,0,0,0,0,257,0,2900836,9,10,0,3016266,4,6,0,17336,0,0,0,0,0,513,0,582888,21,21,0,0,0,0,0,0,0,0,0,0,0
0,5,0,0,0,0,0,1,5,6,256,0,586598,14,15,0,0,0,0,0,0,0,0,0,0,0,512,0,3634148,0,4,0,2920333,4,7,0,13451,0,0,0,0,174,768,0,2798441,21,69,0,408,0,0,0,27,0,0,0,0,0,257,2772,2905728,9,10,0,3024524,6,6,0,17386,0,0,0,0,0,513,0,584806,21,21,0,0,0,0,0,0,0,0,0,0,0
0,5,0,0,0,0,0,1,5,6,256,0,588516,14,15,0,0,0,0,0,0,0,0,0,0,0,512,0,3642262,0,4,0,2927098,3,7,0,13478,0,0,0,0,174,768,0,2808623,21,69,0,408,0,0,0,27,0,0,0,0,0,257,0,2914552,9,10,0,3032638,5,6,0,17435,0,0,0,0,0,513,0,586724,21,21,0,0,0,0,0,0,0,0,0,0,0
0,5,0,0,0,0,0,1,5,6,256,0,590421,14,15,0,0,0,0,0,0,0,0,0,0,0,512,0,3650839,0,4,0,2934044,4,7,0,13511,0,0,0,0,174,768,0,2819558,20,69,0,408,0,0,0,27,0,0,0,0,0,257,0,2921620,9,10,0,3041215,5,6,0,17487,0,0,0,0,0,513,0,588629,21,21,0,0,0,0,0,0,0,0,0,0,0
0,5,0,0,0,0,0,1,5,6,256,0,592326,14,15,0,0,0,0,0,0,0,0,0,0,0,512,0,3658940,0,4,0,2941126,4,7,0,13538,0,0,0,0,174,768,0,2829853,21,69,0,408,0,0,0,27,0,0,0,0,0,257,2772,2925924,9,10,0,3049316,3,6,0,17536,0,0,0,0,0,513,0,590534,21,21,0,0,0,0,0,0,0,0,0,0,0
0,5,0,0,0,0,0,1,5,6,256,0,594244,14,15,0,0,0,0,0,0,0,0,0,0,0,512,0,3667430,0,4,0,2948628,4,7,0,13581,0,0,0,0,174,768,0,2841385,21,69,0,408,0,0,0,27,0,0,0,0,0,257,0,2936092,9,10,0,3057806,5,6,0,17587,0,0,0,0,0,513,0,592452,21,21,0,0,0,0,0,0,0,0,0,0,0
0,5,0,0,0,0,0,1,5,6,256,0,596162,14,15,0,0,0,0,0,0,0,0,0,0,0,512,0,3675544,0,4,0,2955165,3,7,0,13608,0,0,0,0,174,768,0,2851773,21,69,0,408,0,0,0,27,0,0,0,0,0,257,0,2942656,9,10,0,3065920,5,6,0,17636,0,0,0,0,0,513,0,594370,21,21,0,0,0,0,0,0,0,0,0,0,0
0,5,0,0,0,0,0,1,5,6,256,0,598095,14,15,0,0,0,0,0,0,0,0,0,0,0,512,0,3684049,0,4,0,2962642,4,7,0,13642,0,0,0,0,174,768,0,2862236,20,69,0,408,0,0,0,27,0,0,0,0,0,257,2772,2947036,9,10,0,3074425,3,6,0,17687,0,0,0,0,0,513,0,596303,21,21,0,0,0,0,0,0,0,0,0,0,0
0,5,0,0,0,0,0,1,5,6,256,0,600028,15,15,0,0,0,0,0,0,0,0,0,0,0,512,0,3692322,0,4,0,2968929,4,7,0,13669,0,0,0,0,174,768,0,2872623,20,69,0,408,0,0,0,27,0,0,0,0,0,257,0,2956372,9,10,0,3082698,4,6,0,17737,0,0,0,0,0,513,0,598236,21,21,0,0,0,0,0,0,0,0,0,0,0
0,5,0,0,0,0,0,1,5,6,256,0,601961,14,15,0,0,0,0,0,0,0,0,0,0,0,512,0,3700783,0,4,0,2976202,5,7,0,13705,0,0,0,0,174,768,0,2883746,20,69,0,408,0,0,0,27,0,0,0,0,0,257,0,2963692,9,10,0,3091159,4,6,0,17788,0,0,0,0,0,513,0,600169,21,21,0,0,0,0,0,0,0,0,0,0,0
0,5,0,0,0,0,0,1,5,6,256,0,603896,14,15,0,0,0,0,0,0,0,0,0,0,0,512,0,3709058,0,4,0,2983029,4,7,0,13732,0,0,0,0,174,768,0,2894135,21,69,0,408,0,0,0,27,0,0,0,0,0,257,2772,2967484,9,10,0,3099434,4,6,0,17838,0,0,0,0,0,513,0,602104,21,21,0,0,0,0,0,0,0,0,0,0,0
0,5,0,0,0,0,0,1,5,6,256,0,605818,14,15,0,0,0,0,0,0,0,0,0,0,0,512,0,3717552,0,4,0,2990620,5,7,0,13774,0,0,0,0,174,768,0,2905635,17,69,0,408,0,0,0,27,0,0,0,0,0,257,0,2978080,9,10,0,3107928,5,6,0,17889,0,0,0,0,0,513,0,604026,21,21,0,0,0,0,0,0,0,0,0,0,0
0,5,0,0,0,0,0,1,5,6,256,0,607740,14,15,0,0,0,0,0,0,0,0,0,0,0,512,0,3725914,0,4,0,2997041,5,7,0,13801,0,0,0,0,174,768,0,2915979,21,69,0,408,0,0,0,27,0,0,0,0,0,257,0,2984644,9,10,0,3116290,4,6,0,17940,0,0,0,0,0,513,0,605948,21,21,0,0,0,0,0,0,0,0,0,0,0
0,5,0,0,0,0,0,1,5,6,256,0,609662,14,15,0,0,0,0,0,0,0,0,0,0,0,512,0,3734264,0,4,0,3004841,4,7,0,13837,0,0,0,0,174,768,0,2926729,21,69,0,408,0,0,0,27,0,0,0,0,0,257,2772,2989192,9,10,0,3124640,4,6,0,17990,0,0,0,0,0,513,0,607870,21,21,0,0,0,0,0,0,0,0,0,0,0
0,5,0,0,0,0,0,1,5,6,256,0,611597,14,15,0,0,0,0,0,0,0,0,0,0,0,512,0,3742771,0,4,0,3010845,4,7,0,13864,0,0,0,0,174,768,0,2937200,20,69,0,408,0,0,0,27,0,0,0,0,0,257,0,2998528,9,10,0,3133147,4,6,0,18041,0,0,0,0,0,513,0,609805,21,21,0,0,0,0,0,0,0,0,0,0,0
0,5,0,0,0,0,0,1,5,6,256,0,613508,14,15,0,0,0,0,0,0,0,0,0,0,0,512,0,3751098,0,4,0,3018237,5,7,0,13900,0,0,0,0,174,768,0,2948349,20,69,0,408,0,0,0,27,0,0,0,0,0,257,2260,3003588,9,10,0,3141474,5,6,0,18090,0,0,0,0,0,513,0,611716,21,21,0,0,0,0,0,0,0,0,0,0,0
0,5,0,0,0,0,0,1,5,6,256,0,615419,14,15,0,0,0,0,0,0,0,0,0,0,0,512,0,3759337,0,4,0,3025329,5,7,0,13927,0,0,0,0,174,768,0,2958698,21,69,0,408,0,0,0,27,0,0,0,0,0,257,3284,3009128,9,10,0,3149713,4,6,0,18139,0,0,0,0,0,513,0,613627,21,21,0,0,0,0,0,0,0,0,0,0,0
0,5,0,0,0,0,0,1,5,6,256,0,617330,14,15,0,0,0,0,0,0,0,0,0,0,0,512,0,3767432,0,4,0,3033271,7,7,0,13975,0,0,0,0,174,768,0,2970515,21,69,0,408,0,0,0,27,0,0,0,0,0,257,0,3020740,9,10,0,3157808,4,6,0,18187,0,0,0,0,0,513,0,615538,21,21,0,0,0,0,0,0,0,0,0,0,0
0,5,0,0,0,0,0,1,5,6,256,0,619241,14,15,0,0,0,0,0,0,0,0,0,0,0,512,0,3775919,0,4,0,3039896,4,7,0,14002,0,0,0,0,174,768,0,2980880,21,69,0,408,0,0,0,27,0,0,0,0,0,257,0,3027304,9,10,0,3166295,5,6,0,18237,0,0,0,0,0,513,0,617449,21,21,0,0,0,0,0,0,0,0,0,0,0
0,5,0,0,0,0,0,1,5,6,256,0,621152,14,15,0,0,0,0,0,0,0,0,0,0,0,512,0,3784390,0,4,0,3047449,5,7,0,14038,0,0,0,0,174,768,0,2991597,21,69,0,408,0,0,0,27,0,0,0,0,0,257,2772,3031852,9,10,0,3174766,3,6,0,18287,0,0,0,0,0,513,0,619360,21,21,0,0,0,0,0,0,0,0,0,0,0
0,5,0,0,0,0,0,1,5,6,256,0,623063,14,15,0,0,0,0,0,0,0,0,0,0,0,512,0,3792485,0,4,0,3053784,6,7,0,14065,0,0,0,0,174,768,0,3001946,21,69,0,408,0,0,0,27,0,0,0,0,0,257,0,3041188,9,10,0,3182861,5,6,0,18335,0,0,0,0,0,513,0,621271,21,21,0,0,0,0,0,0,0,0,0,0,0
0,5,0,0,0,0,0,1,5,6,256,0,624961,14,15,0,0,0,0,0,0,0,0,0,0,0,512,0,3800943,0,4,0,3061251,4,7,0,14102,0,0,0,0,174,768,0,3013130,21,69,0,408,0,0,0,27,0,0,0,0,0,257,0,3048592,9,10,0,3191319,3,6,0,18385,0,0,0,0,0,513,0,623169,21,21,0,0,0,0,0,0,0,0,0,0,0
0,5,0,0,0,0,0,1,5,6,256,0,626859,14,15,0,0,0,0,0,0,0,0,0,0,0,512,0,3809025,0,4,0,3067475,5,7,0,14129,0,0,0,0,174,768,0,3023458,21,69,0,408,0,0,0,27,0,0,0,0,0,257,2260,3052896,9,10,0,3199401,5,6,0,18433,0,0,0,0,0,513,0,625067,21,21,0,0,0,0,0,0,0,0,0,0,0
0,5,0,0,0,0,0,1,5,6,256,0,628757,14,15,0,0,0,0,0,0,0,0,0,0,0,512,0,3817483,0,4,0,3075512,5,7,0,14171,0,0,0,0,174,768,0,3034890,21,69,0,408,0,0,0,27,0,0,0,0,0,257,0,3062980,9,10,0,3207859,4,6,0,18483,0,0,0,0,0,513,0,626965,21,21,0,0,0,0,0,0,0,0,0,0,0
0,5,0,0,0,0,0,1,5,6,256,0,630655,14,15,0,0,0,0,0,0,0,0,0,0,0,512,0,3825709,0,4,0,3082134,5,7,0,14198,0,0,0,0,174,768,0,3045226,21,69,0,408,0,0,0,27,0,0,0,0,0,257,0,3069544,9,10,0,3216085,5,6,0,18532,0,0,0,0,0,513,0,628863,21,21,0,0,0,0,0,0,0,0,0,0,0
0,5,0,0,0,0,0,1,5,6,256,0,632553,14,15,0,0,0,0,0,0,0,0,0,0,0,512,0,3833935,0,4,0,3089265,5,7,0,14234,0,0,0,0,174,768,0,3055882,20,69,0,408,0,0,0,27,0,0,0,0,0,257,2772,3074604,9,10,0,3224311,4,6,0,18581,0,0,0,0,0,513,0,630761,21,21,0,0,0,0,0,0,0,0,0,0,0
0,5,0,0,0,0,0,1,5,6,256,0,634451,14,15,0,0,0,0,0,0,0,0,0,0,0,512,0,3842117,0,4,0,3095963,4,7,0,14261,0,0,0,0,174,768,0,3066250,21,69,0,408,0,0,0,27,0,0,0,0,0,257,0,3083428,9,10,0,3232493,5,6,0,18630,0,0,0,0,0,513,0,632659,21,21,0,0,0,0,0,0,0,0,0,0,0
0,5,0,0,0,0,0,1,5,6,256,0,636336,14,15,0,0,0,0,0,0,0,0,0,0,0,512,0,3850662,0,4,0,3103439,4,7,0,14297,0,0,0,0,174,768,0,3077331,21,69,0,408,0,0,0,27,0,0,0,0,0,257,0,3090748,9,10,0,3241038,4,6,0,18681,0,0,0,0,0,513,0,634544,21,21,0,0,0,0,0,0,0,0,0,0,0
0,5,0,0,0,0,0,1,5,6,256,0,638232,14,15,0,0,0,0,0,0,0,0,0,0,0,512,0,3858742,0,4,0,3109721,5,7,0,14324,0,0,0,0,174,768,0,3087635,21,69,0,408,0,0,0,27,0,0,0,0,0,257,2772,3095052,9,10,0,3249118,5,6,0,18729,0,0,0,0,0,513,0,636440,21,21,0,0,0,0,0,0,0,0,0,0,0
0,5,0,0,0,0,0,1,5,6,256,0,640139,14,15,0,0,0,0,0,0,0,0,0,0,0,512,0,3867209,0,4,0,3118366,5,7,0,14374,0,0,0,0,174,768,0,3099574,21,69,0,408,0,0,0,27,0,0,0,0,0,257,0,3105808,9,10,0,3257585,4,6,0,18779,0,0,0,0,0,513,0,638347,21,21,0,0,0,0,0,0,0,0,0,0,0
0,5,0,0,0,0,0,1,5,6,256,0,642053,14,15,0,0,0,0,0,0,0,0,0,0,0,512,0,3875307,0,4,0,3124733,4,7,0,14401,0,0,0,0,174,768,0,3109852,21,69,0,408,0,0,0,27,0,0,0,0,0,257,0,3112372,9,10,0,3265683,4,6,0,18827,0,0,0,0,0,513,0,640261,21,21,0,0,0,0,0,0,0,0,0,0,0
0,5,0,0,0,0,0,1,5,6,256,0,643947,13,15,0,0,0,0,0,0,0,0,0,0,0,512,0,3883749,0,4,0,3132584,5,7,0,14437,0,0,0,0,174,768,0,3120446,21,69,0,408,0,0,0,27,0,0,0,0,0,257,2772,3116920,9,10,0,3274125,4,6,0,18876,0,0,0,0,0,513,0,642155,21,21,0,0,0,0,0,0,0,0,0,0,0
0,5,0,0,0,0,0,1,5,6,256,0,645828,14,15,0,0,0,0,0,0,0,0,0,0,0,512,0,3891946,0,4,0,3138792,3,7,0,14464,0,0,0,0,174,768,0,3130667,21,69,0,408,0,0,0,27,0,0,0,0,0,257,0,3126256,9,10,0,3282322,4,6,0,18924,0,0,0,0,0,513,0,644036,21,21,0,0,0,0,0,0,0,0,0,0,0
0,5,0,0,0,0,0,1,5,6,256,0,647709,13,15,0,0,0,0,0,0,0,0,0,0,0,512,0,3900375,0,4,0,3146080,4,7,0,14500,0,0,0,0,174,768,0,3141582,21,69,0,408,0,0,0,27,0,0,0,0,0,257,0,3133576,9,10,0,3290751,5,6,0,18973,0,0,0,0,0,513,0,645917,21,21,0,0,0,0,0,0,0,0,0,0,0
0,5,0,0,0,0,0,1,5,6,256,0,649590,14,15,0,0,0,0,0,0,0,0,0,0,0,512,0,3908572,0,4,0,3152514,5,7,0,14527,0,0,0,0,174,768,0,3151785,21,69,0,408,0,0,0,27,0,0,0,0,0,257,2772,3137880,9,10,0,3298948,5,6,0,19021,0,0,0,0,0,513,0,647798,21,21,0,0,0,0,0,0,0,0,0,0,0
0,5,0,0,0,0,0,1,5,6,256,0,651471,13,15,0,0,0,0,0,0,0,0,0,0,0,512,0,3916857,0,4,0,3160592,4,7,0,14569,0,0,0,0,174,768,0,3163172,21,69,0,408,0,0,0,27,0,0,0,0,0,257,0,3147964,9,10,0,3307233,4,6,0,19069,0,0,0,0,0,513,0,649679,21,21,0,0,0,0,0,0,0,0,0,0,0
0,5,0,0,0,0,0,1,5,6,256,0,653352,13,15,0,0,0,0,0,0,0,0,0,0,0,512,0,3925154,0,4,0,3166976,4,7,0,14596,0,0,0,0,174,768,0,3173381,21,69,0,408,0,0,0,27,0,0,0,0,0,257,0,3154528,9,10,0,3315530,5,6,0,19118,0,0,0,0,0,513,0,651560,21,21,0,0,0,0,0,0,0,0,0,0,0
0,5,0,0,0,0,0,1,5,6,256,0,655240,13,15,0,0,0,0,0,0,0,0,0,0,0,512,0,3933590,0,4,0,3174245,5,7,0,14632,0,0,0,0,174,768,0,3183989,21,69,0,408,0,0,0,27,0,0,0,0,0,257,2260,3159588,9,10,0,3323966,5,6,0,19167,0,0,0,0,0,513,0,653448,21,21,0,0,0,0,0,0,0,0,0,0,0
0,5,0,0,0,0,0,1,5,6,256,0,657128,13,15,0,0,0,0,0,0,0,0,0,0,0,512,0,3941650,0,4,0,3180945,5,7,0,14659,0,0,0,0,174,768,0,3194213,21,69,0,408,0,0,0,27,0,0,0,0,0,257,0,3168412,9,10,0,3332026,6,6,0,19214,0,0,0,0,0,513,0,655336,21,21,0,0,0,0,0,0,0,0,0,0,0
0,5,0,0,0,0,0,1,5,6,256,0,659016,13,15,0,0,0,0,0,0,0,0,0,0,0,512,0,3950186,0,4,0,3188072,5,7,0,14694,0,0,0,0,174,768,0,3205205,21,69,0,408,0,0,0,27,0,0,0,0,0,257,0,3175648,9,10,0,3340562,5,6,0,19264,0,0,0,0,0,513,0,657224,21,21,0,0,0,0,0,0,0,0,0,0,0
