iTOW,year,month,day,hour,min,second,validDate,validTime,fullyResolved,validMag,tAcc,nano,fixType,gnssFixOk,diffSoln,psmState,headVehValid,carrSoln,confirmedAvai,confirmedDate,confirmedTime,numSV,lon,lat,height,hMSL,hAcc,vAcc,velN,velE,velD,gSpeed,headMot,sAcc,headAcc,pDOP,invalidLlh,lastCorrectionAge,authTime,nmaFixStatus,reserved0,headVeh,magDec,magAcc
91494000,2025,10,27,1,24,36,1,1,1,0,1006,190694,3,1,0,0,0,0,1,1,1,23,114.1800689,22.3056377,17049,18662,1258,2680,6,-14,2,15,335.98532,102,180.0,1.29,0,0,0,0,558842204,0.0,0.0,0.0
91495000,2025,10,27,1,24,37,1,1,1,0,1006,190519,3,1,0,0,0,0,1,1,1,23,114.1800688,22.3056377,17076,18689,1256,2669,-3,-3,6,5,335.98532,116,180.0,1.25,0,0,0,0,558842204,0.0,0.0,0.0
91496000,2025,10,27,1,24,38,1,1,1,0,1006,190344,3,1,0,0,0,0,1,1,1,23,114.1800686,22.3056376,17065,18678,1254,2662,-2,-5,-1,5,335.98532,88,180.0,1.29,0,0,0,0,558842204,0.0,0.0,0.0
91497000,2025,10,27,1,24,39,1,1,1,0,1006,190170,3,1,0,0,0,0,1,1,1,23,114.1800684,22.3056376,17056,18669,1255,2660,2,-12,1,12,335.98532,123,180.0,1.29,0,0,0,0,558842204,0.0,0.0,0.0
91498000,2025,10,27,1,24,40,1,1,1,0,1006,189995,3,1,0,0,0,0,1,1,1,23,114.1800681,22.3056375,17048,18661,1255,2656,-1,-8,-1,8,335.98532,94,180.0,1.29,0,0,0,0,558842204,0.0,0.0,0.0
91499000,2025,10,27,1,24,41,1,1,1,0,1006,189821,3,1,0,0,0,0,1,1,1,23,114.1800679,22.3056375,17029,18642,1254,2652,-4,2,3,5,335.98532,91,180.0,1.29,0,0,0,0,558842204,0.0,0.0,0.0
91500000,2025,10,27,1,24,42,1,1,1,0,1006,189647,3,1,0,0,0,0,1,1,1,23,114.1800678,22.3056375,17020,18633,1252,2646,4,11,-28,12,335.98532,200,180.0,1.29,0,0,0,0,558842204,0.0,0.0,0.0
91501000,2025,10,27,1,24,43,1,1,1,0,1006,189473,3,1,0,0,0,0,1,1,1,23,114.1800676,22.3056376,17008,18622,1249,2640,8,-10,-14,13,335.98532,161,180.0,1.29,0,0,0,0,558842204,0.0,0.0,0.0
91502000,2025,10,27,1,24,44,1,1,1,0,1006,189300,3,1,0,0,0,0,1,1,1,23,114.1800673,22.3056376,16967,18580,1247,2632,4,-13,17,13,335.98532,176,180.0,1.29,0,0,0,0,558842204,0.0,0.0,0.0
91503000,2025,10,27,1,24,45,1,1,1,0,1006,189125,3,1,0,0,0,0,1,1,1,23,114.1800671,22.3056375,16973,18586,1244,2624,-9,12,30,15,335.98532,185,180.0,1.29,0,0,0,0,558842204,0.0,0.0,0.0
91504000,2025,10,27,1,24,46,1,1,1,0,1006,188951,3,1,0,0,0,0,1,1,1,24,114.1800669,22.3056372,17024,18637,1241,2617,-45,-8,3,46,335.98532,71,117.18966,1.26,0,0,0,0,558842204,0.0,0.0,0.0
91505000,2025,10,27,1,24,47,1,1,1,0,1006,188776,3,1,0,0,0,0,1,1,1,24,114.1800656,22.3056372,17081,18695,1237,2616,26,-184,-76,186,278.16358,128,24.67365,1.22,0,0,0,0,558842204,0.0,0.0,0.0
91506000,2025,10,27,1,24,48,1,1,1,0,1006,188601,3,1,0,0,0,0,1,1,1,24,114.1800656,22.3056379,17241,18854,1241,2629,99,68,-188,120,316.53984,222,67.4206,1.26,0,0,0,0,558842204,0.0,0.0,0.0
91507000,2025,10,27,1,24,49,1,1,1,0,1006,188425,3,1,0,0,0,0,1,1,1,24,114.1800663,22.305637,17497,19110,1241,2623,-180,52,-242,187,164.0031,201,25.78088,1.22,0,0,0,0,558842204,0.0,0.0,0.0
91508000,2025,10,27,1,24,50,1,1,1,0,1006,188251,3,1,0,0,0,0,1,1,1,24,114.1800673,22.3056346,17635,19248,1236,2618,-276,76,-122,286,164.6932,118,14.71402,1.22,0,0,0,0,558842204,0.0,0.0,0.0
91509000,2025,10,27,1,24,51,1,1,1,0,1006,188076,3,1,0,0,0,0,1,1,1,24,114.180067,22.3056317,17760,19373,1229,2608,-323,-107,-34,340,198.24058,71,12.19727,1.22,0,0,0,0,558842204,0.0,0.0,0.0
91510000,2025,10,27,1,24,52,1,1,1,0,1006,187901,3,1,0,0,0,0,1,1,1,24,114.1800673,22.3056253,17614,19227,1223,2597,-879,101,56,884,173.43114,77,6.6883,1.26,0,0,0,0,558842204,0.0,0.0,0.0
91511000,2025,10,27,1,24,53,1,1,1,0,1006,187727,3,1,0,0,0,0,1,1,1,24,114.1800655,22.3056212,17597,19211,1218,2577,-262,-321,-1,414,230.7745,96,10.06334,1.22,0,0,0,0,558842204,0.0,0.0,0.0
91512000,2025,10,27,1,24,54,1,1,1,0,1006,187553,3,1,0,0,0,0,1,1,1,24,114.180062,22.3056193,17482,19095,1214,2569,-185,-375,8,418,243.67006,89,10.97203,1.22,0,0,0,0,558842204,0.0,0.0,0.0
91513000,2025,10,27,1,24,55,1,1,1,0,1006,187378,3,1,0,0,0,0,1,1,1,24,114.1800558,22.3056167,17394,19007,1213,2563,-319,-743,187,808,246.77786,117,5.9682,1.22,0,0,0,0,558842204,0.0,0.0,0.0
91514000,2025,10,27,1,24,56,1,1,1,0,1006,187203,3,1,0,0,0,0,1,1,1,24,114.1800482,22.305614,17199,18812,1210,2559,-293,-799,41,851,249.84914,92,5.78275,1.22,0,0,0,0,558842204,0.0,0.0,0.0
91515000,2025,10,27,1,24,57,1,1,1,0,1006,187031,3,1,0,0,0,0,1,1,1,24,114.1800414,22.3056117,17316,18929,1209,2565,-216,-663,-313,697,251.90838,130,7.51764,1.22,0,0,0,0,558842204,0.0,0.0,0.0
91516000,2025,10,27,1,24,58,1,1,1,0,1006,186859,3,1,0,0,0,0,1,1,1,24,114.1800344,22.3056101,17411,19024,1210,2583,-154,-749,-72,765,258.4031,95,7.39985,1.22,0,0,0,0,558842204,0.0,0.0,0.0
91517000,2025,10,27,1,24,59,1,1,1,0,1006,186688,3,1,0,0,0,0,1,1,1,24,114.1800272,22.305609,17416,19029,1211,2597,-98,-712,-29,718,262.1644,111,6.71911,1.22,0,0,0,0,558842204,0.0,0.0,0.0
91518000,2025,10,27,1,25,0,1,1,1,0,1006,186517,3,1,0,0,0,0,1,1,1,24,114.1800208,22.3056081,17546,19159,1213,2613,-98,-655,-100,663,261.5001,118,7.42233,1.22,0,0,0,0,558842204,0.0,0.0,0.0
91519000,2025,10,27,1,25,1,1,1,1,0,1006,186345,3,1,0,0,0,0,1,1,1,25,114.180014,22.3056057,17672,19285,1217,2635,-306,-731,-24,792,247.32124,129,7.19639,1.21,0,0,0,0,558842204,0.0,0.0,0.0
91520000,2025,10,27,1,25,2,1,1,1,0,1006,186175,3,1,0,0,0,0,1,1,1,25,114.180007,22.3056024,17510,19123,1224,2660,-379,-715,-16,809,242.07254,118,6.98447,1.25,0,0,0,0,558842204,0.0,0.0,0.0
91521000,2025,10,27,1,25,3,1,1,1,0,1006,186004,3,1,0,0,0,0,1,1,1,26,114.1800014,22.3055991,17493,19106,1226,2681,-326,-531,125,623,238.42622,125,8.6023,1.25,0,0,0,0,558842204,0.0,0.0,0.0
91522000,2025,10,27,1,25,4,1,1,1,0,1006,185830,3,1,0,0,0,0,1,1,1,25,114.1799964,22.3055956,17467,19080,1229,2702,-356,-518,169,628,235.51332,138,8.9473,1.25,0,0,0,0,558842204,0.0,0.0,0.0
91523000,2025,10,27,1,25,5,1,1,1,0,1006,185655,3,1,0,0,0,0,1,1,1,26,114.1799924,22.3055927,17368,18981,1232,2718,-262,-410,228,487,237.42166,179,11.34667,1.25,0,0,0,0,558842204,0.0,0.0,0.0
91524000,2025,10,27,1,25,6,1,1,1,0,1006,185478,3,1,0,0,0,0,1,1,1,26,114.1799894,22.305589,17311,18924,1236,2734,-422,-309,126,523,216.1723,116,12.13978,1.25,0,0,0,0,558842204,0.0,0.0,0.0
91525000,2025,10,27,1,25,7,1,1,1,0,1006,185300,3,1,0,0,0,0,1,1,1,26,114.1799867,22.305586,17232,18845,1238,2744,-259,-272,144,376,226.45748,140,15.78088,1.25,0,0,0,0,558842204,0.0,0.0,0.0
91526000,2025,10,27,1,25,8,1,1,1,0,1006,185123,3,1,0,0,0,0,1,1,1,26,114.1799835,22.3055837,17021,18634,1240,2761,-219,-371,245,431,239.43428,155,13.13387,1.25,0,0,0,0,558842204,0.0,0.0,0.0
91527000,2025,10,27,1,25,9,1,1,1,0,1006,184946,3,1,0,0,0,0,1,1,1,26,114.1799802,22.3055808,16854,18467,1243,2788,-329,-330,181,466,225.04682,150,13.78347,1.25,0,0,0,0,558842204,0.0,0.0,0.0
91528000,2025,10,27,1,25,10,1,1,1,0,1006,184768,3,1,0,0,0,0,1,1,1,26,114.179978,22.3055779,16617,18231,1246,2810,-273,-205,294,341,216.8335,210,19.23785,1.25,0,0,0,0,558842204,0.0,0.0,0.0
91529000,2025,10,27,1,25,11,1,1,1,0,1006,184588,3,1,0,0,0,0,1,1,1,26,114.1799766,22.3055757,16632,18246,1252,2840,-184,-164,144,246,221.60404,183,27.9848,1.26,0,0,0,0,558842204,0.0,0.0,0.0
91530000,2025,10,27,1,25,12,1,1,1,0,1006,184408,3,1,0,0,0,0,1,1,1,25,114.1799756,22.3055744,16649,18263,1258,2862,-100,-101,72,142,224.21154,167,48.28192,1.26,0,0,0,0,558842204,0.0,0.0,0.0
91531000,2025,10,27,1,25,13,1,1,1,0,1006,184227,3,1,0,0,0,0,1,1,1,26,114.1799754,22.3055739,16707,18320,1264,2882,4,-21,108,21,224.21154,292,180.0,1.26,0,0,0,0,558842204,0.0,0.0,0.0
91532000,2025,10,27,1,25,14,1,1,1,0,1007,184045,3,1,0,0,0,0,1,1,1,26,114.1799754,22.3055736,16839,18452,1269,2900,-3,-52,71,52,224.21154,260,97.61798,1.22,0,0,0,0,558842204,0.0,0.0,0.0
91533000,2025,10,27,1,25,15,1,1,1,0,1007,183863,3,1,0,0,0,0,1,1,1,26,114.1799739,22.3055729,16743,18357,1274,2928,-68,-208,146,219,251.80452,221,27.6619,1.26,0,0,0,0,558842204,0.0,0.0,0.0
91534000,2025,10,27,1,25,16,1,1,1,0,1007,183683,3,1,0,0,0,0,1,1,1,25,114.1799704,22.3055715,16565,18178,1279,2961,-183,-417,143,456,246.33312,131,14.80419,1.26,0,0,0,0,558842204,0.0,0.0,0.0
91535000,2025,10,27,1,25,17,1,1,1,0,1007,183503,3,1,0,0,0,0,1,1,1,26,114.1799663,22.3055692,16482,18095,1284,2989,-257,-440,166,510,239.75078,146,13.1736,1.26,0,0,0,0,558842204,0.0,0.0,0.0
91536000,2025,10,27,1,25,18,1,1,1,0,1007,183321,3,1,0,0,0,0,1,1,1,25,114.1799619,22.3055648,16389,18002,1291,3012,-545,-478,259,725,221.23382,136,11.18445,1.26,0,0,0,0,558842204,0.0,0.0,0.0
91537000,2025,10,27,1,25,19,1,1,1,0,1007,183139,3,1,0,0,0,0,1,1,1,26,114.1799584,22.3055605,16310,17923,1301,3045,-429,-317,201,534,216.47914,155,16.55382,1.32,0,0,0,0,558842204,0.0,0.0,0.0
91538000,2025,10,27,1,25,20,1,1,1,0,1007,182956,3,1,0,0,0,0,1,1,1,24,114.1799559,22.3055573,16354,17967,1310,3064,-276,-251,160,373,222.28472,150,21.11134,1.32,0,0,0,0,558842204,0.0,0.0,0.0
91539000,2025,10,27,1,25,21,1,1,1,0,1007,182772,3,1,0,0,0,0,1,1,1,25,114.1799532,22.3055541,16214,17827,1317,3090,-372,-296,304,476,218.521,202,17.7457,1.32,0,0,0,0,558842204,0.0,0.0,0.0
91540000,2025,10,27,1,25,22,1,1,1,0,1007,182587,3,1,0,0,0,0,1,1,1,25,114.1799493,22.3055498,16440,18053,1329,3111,-473,-485,9,677,225.72296,118,13.80703,1.26,0,0,0,0,558842204,0.0,0.0,0.0
91541000,2025,10,27,1,25,23,1,1,1,0,1007,182404,3,1,0,0,0,0,1,1,1,25,114.1799451,22.305546,16458,18071,1341,3129,-380,-417,79,564,227.60788,119,15.43711,1.26,0,0,0,0,558842204,0.0,0.0,0.0
91542000,2025,10,27,1,25,24,1,1,1,0,1007,182222,3,1,0,0,0,0,1,1,1,24,114.1799417,22.3055418,16243,17856,1355,3153,-503,-329,250,601,213.1431,146,16.94898,1.32,0,0,0,0,558842204,0.0,0.0,0.0
91543000,2025,10,27,1,25,25,1,1,1,0,1007,182040,3,1,0,0,0,0,1,1,1,25,114.1799379,22.3055371,16059,17672,1375,3176,-506,-439,297,670,220.99634,161,17.85726,1.26,0,0,0,0,558842204,0.0,0.0,0.0
91544000,2025,10,27,1,25,26,1,1,1,0,1007,181858,3,1,0,0,0,0,1,1,1,25,114.1799342,22.3055324,15786,17399,1399,3220,-512,-344,356,616,213.90872,197,19.85864,1.26,0,0,0,0,558842204,0.0,0.0,0.0
91545000,2025,10,27,1,25,27,1,1,1,0,1007,181676,3,1,0,0,0,0,1,1,1,24,114.17993,22.305528,15897,17510,1417,3252,-489,-412,195,639,220.1059,139,16.78164,1.32,0,0,0,0,558842204,0.0,0.0,0.0
91546000,2025,10,27,1,25,28,1,1,1,0,1007,181493,3,1,0,0,0,0,1,1,1,25,114.179926,22.3055238,16108,17721,1431,3285,-446,-366,80,577,219.40938,119,17.51093,1.26,0,0,0,0,558842204,0.0,0.0,0.0
91547000,2025,10,27,1,25,29,1,1,1,0,1008,181311,3,1,0,0,0,0,1,1,1,26,114.1799218,22.3055195,16219,17832,1447,3337,-498,-421,34,653,220.22356,119,17.82279,1.26,0,0,0,0,558842204,0.0,0.0,0.0
91548000,2025,10,27,1,25,30,1,1,1,0,1008,181129,3,1,0,0,0,0,1,1,1,26,114.1799174,22.3055158,16255,17869,1466,3401,-434,-390,163,584,221.93986,158,18.16965,1.32,0,0,0,0,558842204,0.0,0.0,0.0
91549000,2025,10,27,1,25,31,1,1,1,0,1008,180946,3,1,0,0,0,0,1,1,1,26,114.1799122,22.3055113,16555,18169,1482,3446,-581,-499,-35,766,220.63206,126,12.92201,1.26,0,0,0,0,558842204,0.0,0.0,0.0
91550000,2025,10,27,1,25,32,1,1,1,0,1008,180764,3,1,0,0,0,0,1,1,1,25,114.1799068,22.3055062,16697,18310,1499,3504,-592,-504,-11,778,220.42934,130,15.41221,1.26,0,0,0,0,558842204,0.0,0.0,0.0
91551000,2025,10,27,1,25,33,1,1,1,0,1008,180582,3,1,0,0,0,0,1,1,1,24,114.1799,22.3055025,16688,18302,1521,3560,-448,-613,116,759,233.79542,186,13.85278,1.32,0,0,0,0,558842204,0.0,0.0,0.0
91552000,2025,10,27,1,25,34,1,1,1,0,1008,180399,3,1,0,0,0,0,1,1,1,24,114.1798944,22.3054985,16891,18504,1544,3627,-492,-415,116,643,220.13166,153,19.34292,1.44,0,0,0,0,558842204,0.0,0.0,0.0
91553000,2025,10,27,1,25,35,1,1,1,0,1008,180216,3,1,0,0,0,0,1,1,1,25,114.1798886,22.3054914,16870,18483,1573,3710,-923,-600,64,1101,213.03454,148,13.60608,1.44,0,0,0,0,558842204,0.0,0.0,0.0
91554000,2025,10,27,1,25,36,1,1,1,0,1009,180034,3,1,0,0,0,0,1,1,1,25,114.1798839,22.3054833,16858,18472,1592,3763,-927,-341,32,988,200.19448,105,10.50922,1.44,0,0,0,0,558842204,0.0,0.0,0.0
91555000,2025,10,27,1,25,37,1,1,1,0,1009,179851,3,1,0,0,0,0,1,1,1,26,114.1798833,22.3054746,17029,18642,1599,3813,-924,59,-12,926,176.34102,93,12.08716,1.44,0,0,0,0,558842204,0.0,0.0,0.0
91556000,2025,10,27,1,25,38,1,1,1,0,1009,179668,3,1,0,0,0,0,1,1,1,24,114.179886,22.3054657,17370,18984,1609,3861,-980,380,-112,1051,158.81458,143,9.77569,1.79,0,0,0,0,558842204,0.0,0.0,0.0
91557000,2025,10,27,1,25,39,1,1,1,0,1009,179485,3,1,0,0,0,0,1,1,1,25,114.1798907,22.305456,17580,19194,1616,3892,-1077,535,-102,1203,153.59654,134,7.93494,1.57,0,0,0,0,558842204,0.0,0.0,0.0
91558000,2025,10,27,1,25,40,1,1,1,0,1009,179302,3,1,0,0,0,0,1,1,1,24,114.1798969,22.3054458,17977,19590,1623,3910,-1099,675,-240,1289,148.45412,155,6.24094,1.57,0,0,0,0,558842204,0.0,0.0,0.0
91559000,2025,10,27,1,25,41,1,1,1,0,1009,179119,3,1,0,0,0,0,1,1,1,22,114.1799034,22.3054368,18073,19686,1632,3941,-909,643,-66,1113,144.734,148,8.26103,1.77,0,0,0,0,558842204,0.0,0.0,0.0
91560000,2025,10,27,1,25,42,1,1,1,0,1009,178936,3,1,0,0,0,0,1,1,1,23,114.1799094,22.3054295,18205,19819,1644,3971,-714,589,-91,926,140.46882,158,10.39545,1.6,0,0,0,0,558842204,0.0,0.0,0.0
91561000,2025,10,27,1,25,43,1,1,1,0,1009,178752,3,1,0,0,0,0,1,1,1,23,114.1799156,22.3054222,18557,20170,1655,3993,-778,632,-38,1002,140.94018,146,8.34701,1.45,0,0,0,0,558842204,0.0,0.0,0.0
91562000,2025,10,27,1,25,44,1,1,1,0,1009,178568,3,1,0,0,0,0,1,1,1,21,114.1799217,22.3054146,18689,20303,1669,4023,-853,596,-177,1040,145.0516,180,9.68465,1.96,0,0,0,0,558842204,0.0,0.0,0.0
91563000,2025,10,27,1,25,45,1,1,1,0,1009,178386,3,1,0,0,0,0,1,1,1,23,114.1799284,22.3054072,18693,20306,1682,4033,-820,692,-126,1073,139.81264,147,7.84778,1.6,0,0,0,0,558842204,0.0,0.0,0.0
91564000,2025,10,27,1,25,46,1,1,1,0,1009,178203,3,1,0,0,0,0,1,1,1,23,114.179935,22.3053987,18941,20554,1698,4055,-962,626,-297,1148,146.95448,201,9.7331,1.66,0,0,0,0,558842204,0.0,0.0,0.0
91565000,2025,10,27,1,25,47,1,1,1,0,1009,178021,3,1,0,0,0,0,1,1,1,23,114.1799425,22.3053921,18801,20414,1734,4072,-577,790,87,978,126.14404,162,15.87472,1.88,0,0,0,0,558842204,0.0,0.0,0.0
91566000,2025,10,27,1,25,48,1,1,1,0,1009,177838,3,1,0,0,0,0,1,1,1,23,114.1799499,22.3053857,18643,20256,1743,4073,-586,696,255,910,130.10244,182,6.98716,1.88,0,0,0,0,558842204,0.0,0.0,0.0
91567000,2025,10,27,1,25,49,1,1,1,0,1009,177654,3,1,0,0,0,0,1,1,1,23,114.1799583,22.3053793,18642,20255,1743,4084,-642,891,124,1098,125.76478,160,5.76813,1.88,0,0,0,0,558842204,0.0,0.0,0.0
91568000,2025,10,27,1,25,50,1,1,1,0,1009,177469,3,1,0,0,0,0,1,1,1,21,114.1799681,22.3053758,18984,20597,1734,4088,-154,987,-71,999,98.84402,144,6.14764,1.88,0,0,0,0,558842204,0.0,0.0,0.0
91569000,2025,10,27,1,25,51,1,1,1,0,1009,177284,3,1,0,0,0,0,1,1,1,24,114.1799788,22.3053754,19318,20931,1720,4092,106,1094,-74,1099,84.47056,123,5.65227,1.73,0,0,0,0,558842204,0.0,0.0,0.0
91570000,2025,10,27,1,25,52,1,1,1,0,1009,177100,3,1,0,0,0,0,1,1,1,22,114.1799892,22.3053783,19351,20964,1709,4106,423,1045,-66,1127,67.94808,132,6.4988,1.73,0,0,0,0,558842204,0.0,0.0,0.0
91571000,2025,10,27,1,25,53,1,1,1,0,1009,176916,3,1,0,0,0,0,1,1,1,23,114.1799985,22.305384,19331,20945,1703,4122,711,940,18,1179,52.90608,111,7.39894,1.86,0,0,0,0,558842204,0.0,0.0,0.0
91572000,2025,10,27,1,25,54,1,1,1,0,1009,176732,3,1,0,0,0,0,1,1,1,22,114.1800063,22.3053908,19419,21032,1703,4155,776,731,-27,1066,43.27997,129,9.24043,1.76,0,0,0,0,558842204,0.0,0.0,0.0
91573000,2025,10,27,1,25,55,1,1,1,0,1009,176548,3,1,0,0,0,0,1,1,1,22,114.1800134,22.3053979,19255,20868,1703,4176,759,704,278,1035,42.84116,140,9.44821,1.74,0,0,0,0,558842204,0.0,0.0,0.0
91574000,2025,10,27,1,25,56,1,1,1,0,1010,176364,3,1,0,0,0,0,1,1,1,25,114.1800197,22.3054042,19137,20750,1706,4199,713,603,242,934,40.19224,124,10.02908,1.74,0,0,0,0,558842204,0.0,0.0,0.0
91575000,2025,10,27,1,25,57,1,1,1,0,1010,176179,3,1,0,0,0,0,1,1,1,23,114.1800255,22.3054119,19138,20751,1707,4227,841,625,315,1048,36.62204,127,8.86595,1.72,0,0,0,0,558842204,0.0,0.0,0.0
91576000,2025,10,27,1,25,58,1,1,1,0,1010,175994,3,1,0,0,0,0,1,1,1,23,114.1800318,22.3054195,19193,20806,1705,4246,846,623,135,1051,36.39855,102,8.45907,1.49,0,0,0,0,558842204,0.0,0.0,0.0
91577000,2025,10,27,1,25,59,1,1,1,0,1010,175810,3,1,0,0,0,0,1,1,1,24,114.1800386,22.3054272,19307,20920,1701,4255,887,755,-119,1164,40.39406,120,7.68702,1.48,0,0,0,0,558842204,0.0,0.0,0.0
91578000,2025,10,27,1,26,0,1,1,1,0,1010,175628,3,1,0,0,0,0,1,1,1,24,114.1800463,22.3054353,19756,21369,1696,4260,886,850,-462,1228,43.81483,180,6.21145,1.46,0,0,0,0,558842204,0.0,0.0,0.0
91579000,2025,10,27,1,26,1,1,1,1,0,1010,175446,3,1,0,0,0,0,1,1,1,25,114.1800543,22.3054443,20178,21790,1691,4286,1049,841,-396,1344,38.74081,159,5.91624,1.46,0,0,0,0,558842204,0.0,0.0,0.0
91580000,2025,10,27,1,26,2,1,1,1,0,1010,175266,3,1,0,0,0,0,1,1,1,23,114.180063,22.3054517,20420,22033,1683,4263,780,883,-295,1178,48.5431,142,6.42396,1.51,0,0,0,0,558842204,0.0,0.0,0.0
91581000,2025,10,27,1,26,3,1,1,1,0,1010,175086,3,1,0,0,0,0,1,1,1,23,114.1800717,22.3054577,20869,22481,1672,4229,687,808,-234,1061,49.61701,133,6.54707,1.49,0,0,0,0,558842204,0.0,0.0,0.0
91582000,2025,10,27,1,26,4,1,1,1,0,1010,174906,3,1,0,0,0,0,1,1,1,25,114.1800795,22.3054644,21094,22706,1662,4223,808,753,-34,1104,43.00048,118,6.84809,1.46,0,0,0,0,558842204,0.0,0.0,0.0
91583000,2025,10,27,1,26,5,1,1,1,0,1009,174724,3,1,0,0,0,0,1,1,1,24,114.180089,22.305471,21965,23578,1649,4188,790,877,-325,1180,47.96536,144,5.2889,1.48,0,0,0,0,558842204,0.0,0.0,0.0
91584000,2025,10,27,1,26,6,1,1,1,0,1009,174546,3,1,0,0,0,0,1,1,1,24,114.1800978,22.3054777,22037,23650,1634,4154,767,882,-149,1169,48.99308,109,5.07758,1.46,0,0,0,0,558842204,0.0,0.0,0.0
91585000,2025,10,27,1,26,7,1,1,1,0,1009,174367,3,1,0,0,0,0,1,1,1,24,114.1801081,22.3054845,22507,24120,1621,4122,848,1002,-189,1313,49.77701,108,4.56501,1.51,0,0,0,0,558842204,0.0,0.0,0.0
91586000,2025,10,27,1,26,8,1,1,1,0,1009,174187,3,1,0,0,0,0,1,1,1,24,114.1801188,22.3054918,22788,24401,1607,4086,917,933,139,1309,45.49101,106,5.13988,1.48,0,0,0,0,558842204,0.0,0.0,0.0
91587000,2025,10,27,1,26,9,1,1,1,0,1009,174005,3,1,0,0,0,0,1,1,1,24,114.1801294,22.3054987,23219,24832,1597,4049,836,915,131,1239,47.58228,97,5.33032,1.46,0,0,0,0,558842204,0.0,0.0,0.0
91588000,2025,10,27,1,26,10,1,1,1,0,1009,173825,3,1,0,0,0,0,1,1,1,24,114.1801393,22.3055057,23428,25041,1590,4039,810,957,-84,1254,49.76368,97,4.95219,1.51,0,0,0,0,558842204,0.0,0.0,0.0
91589000,2025,10,27,1,26,11,1,1,1,0,1009,173644,3,1,0,0,0,0,1,1,1,22,114.1801496,22.3055127,23559,25171,1583,4027,815,1036,-163,1318,51.79012,114,4.91865,1.54,0,0,0,0,558842204,0.0,0.0,0.0
91590000,2025,10,27,1,26,12,1,1,1,0,1009,173464,3,1,0,0,0,0,1,1,1,25,114.1801608,22.3055189,23814,25426,1573,4005,710,1100,-191,1309,57.1653,108,4.22288,1.46,0,0,0,0,558842204,0.0,0.0,0.0
91591000,2025,10,27,1,26,13,1,1,1,0,1009,173284,3,1,0,0,0,0,1,1,1,26,114.1801705,22.3055245,23856,25468,1562,3981,660,867,16,1089,52.71799,79,5.22637,1.46,0,0,0,0,558842204,0.0,0.0,0.0
91592000,2025,10,27,1,26,14,1,1,1,0,1009,173105,3,1,0,0,0,0,1,1,1,24,114.1801799,22.3055303,23517,25129,1552,3961,683,930,276,1153,53.70783,95,5.23935,1.48,0,0,0,0,558842204,0.0,0.0,0.0
91593000,2025,10,27,1,26,15,1,1,1,0,1009,172925,3,1,0,0,0,0,1,1,1,24,114.1801898,22.3055367,23301,24913,1544,3950,759,1015,173,1267,53.18921,89,4.9017,1.64,0,0,0,0,558842204,0.0,0.0,0.0
91594000,2025,10,27,1,26,16,1,1,1,0,1009,172744,3,1,0,0,0,0,1,1,1,24,114.1801992,22.3055426,23189,24802,1538,3944,662,887,84,1107,53.26972,107,5.6864,1.64,0,0,0,0,558842204,0.0,0.0,0.0
91595000,2025,10,27,1,26,17,1,1,1,0,1009,172564,3,1,1,0,0,0,1,1,1,25,114.1802075,22.3055488,23021,24633,1533,3938,723,820,92,1094,48.59882,101,5.24641,1.72,0,0,0,0,558842204,0.0,0.0,0.0
91596000,2025,10,27,1,26,18,1,1,1,0,1009,172383,3,1,1,0,0,0,1,1,1,26,114.1802168,22.3055552,22963,24575,1529,3936,741,972,-15,1222,52.70162,99,5.32025,1.64,0,0,0,0,558842204,0.0,0.0,0.0
91597000,2025,10,27,1,26,19,1,1,1,0,1009,172202,3,1,1,0,0,0,1,1,1,25,114.1802266,22.305561,22833,24445,1526,3938,662,979,92,1182,55.94213,105,5.23053,1.54,0,0,0,0,558842204,0.0,0.0,0.0
91598000,2025,10,27,1,26,20,1,1,1,0,1009,172021,3,1,1,0,0,0,1,1,1,22,114.1802358,22.3055673,22374,23986,1522,3936,747,870,403,1147,49.33379,125,5.23381,1.58,0,0,0,0,558842204,0.0,0.0,0.0
91599000,2025,10,27,1,26,21,1,1,1,0,1009,171839,3,1,1,0,0,0,1,1,1,26,114.1802453,22.3055731,22419,24032,1517,3931,657,880,103,1098,53.2243,93,5.27659,1.46,0,0,0,0,558842204,0.0,0.0,0.0
91600000,2025,10,27,1,26,22,1,1,1,0,1009,171658,3,1,1,0,0,0,1,1,1,23,114.1802547,22.3055791,22440,24052,1512,3934,689,953,-80,1177,54.13255,102,4.8697,1.64,0,0,0,0,558842204,0.0,0.0,0.0
91601000,2025,10,27,1,26,23,1,1,1,0,1009,171477,3,1,1,0,0,0,1,1,1,24,114.1802639,22.3055849,22238,23851,1506,3936,650,910,190,1119,54.458,103,5.06258,1.54,0,0,0,0,558842204,0.0,0.0,0.0
91602000,2025,10,27,1,26,24,1,1,1,0,1009,171296,3,1,1,0,0,0,1,1,1,24,114.1802736,22.3055907,22221,23833,1503,3948,682,961,194,1178,54.64215,102,5.20259,1.51,0,0,0,0,558842204,0.0,0.0,0.0
91603000,2025,10,27,1,26,25,1,1,1,0,1009,171113,3,1,1,0,0,0,1,1,1,24,114.1802835,22.3055964,22214,23826,1499,3956,649,955,143,1155,55.8072,107,4.83291,1.51,0,0,0,0,558842204,0.0,0.0,0.0
91604000,2025,10,27,1,26,26,1,1,1,0,1009,170932,3,1,1,0,0,0,1,1,1,24,114.1802924,22.3056027,22142,23754,1498,3975,713,878,-65,1131,50.92894,126,5.35358,1.64,0,0,0,0,558842204,0.0,0.0,0.0
91605000,2025,10,27,1,26,27,1,1,1,0,1009,170750,3,1,1,0,0,0,1,1,1,26,114.1803008,22.3056095,22274,23886,1496,3983,791,788,-27,1116,44.89234,108,5.5872,1.3,0,0,0,0,558842204,0.0,0.0,0.0
91606000,2025,10,27,1,26,28,1,1,1,0,1009,170569,3,1,1,0,0,0,1,1,1,26,114.1803098,22.3056154,22175,23787,1493,3985,645,870,221,1083,53.45113,116,5.25095,1.54,0,0,0,0,558842204,0.0,0.0,0.0
91607000,2025,10,27,1,26,29,1,1,1,0,1009,170386,3,1,1,0,0,0,1,1,1,25,114.1803197,22.3056206,22226,23838,1492,3992,582,988,85,1146,59.49853,122,4.7253,1.54,0,0,0,0,558842204,0.0,0.0,0.0
91608000,2025,10,27,1,26,30,1,1,1,0,1009,170204,3,1,1,0,0,0,1,1,1,26,114.180329,22.3056265,22218,23831,1496,4010,714,873,36,1127,50.72461,151,6.00916,1.54,0,0,0,0,558842204,0.0,0.0,0.0
91609000,2025,10,27,1,26,31,1,1,1,0,1009,170022,3,1,1,0,0,0,1,1,1,24,114.1803386,22.3056328,22491,24103,1497,4009,757,853,47,1141,48.38915,142,5.80383,1.54,0,0,0,0,558842204,0.0,0.0,0.0
91610000,2025,10,27,1,26,32,1,1,1,0,1009,169839,3,1,1,0,0,0,1,1,1,26,114.1803472,22.305639,22595,24207,1495,3981,713,703,225,1001,44.58491,160,6.07842,1.23,0,0,0,0,558842204,0.0,0.0,0.0
91611000,2025,10,27,1,26,33,1,1,1,0,1009,169657,3,1,1,0,0,0,1,1,1,25,114.1803543,22.3056462,22652,24264,1496,3968,861,667,143,1089,37.77078,150,6.18547,1.46,0,0,0,0,558842204,0.0,0.0,0.0
91612000,2025,10,27,1,26,34,1,1,1,0,1009,169475,3,1,1,0,0,0,1,1,1,25,114.1803594,22.3056545,22736,24348,1498,3949,963,434,130,1056,24.26523,147,7.4514,1.46,0,0,0,0,558842204,0.0,0.0,0.0
91613000,2025,10,27,1,26,35,1,1,1,0,1009,169291,3,1,1,0,0,0,1,1,1,25,114.1803629,22.305663,22657,24269,1503,3914,936,369,141,1007,21.52804,166,8.63514,1.4,0,0,0,0,558842204,0.0,0.0,0.0
91614000,2025,10,27,1,26,36,1,1,1,0,1009,169108,3,1,1,0,0,0,1,1,1,26,114.1803661,22.3056723,22870,24482,1512,3883,1045,293,-103,1085,15.65806,144,8.84301,1.21,0,0,0,0,558842204,0.0,0.0,0.0
91615000,2025,10,27,1,26,37,1,1,1,0,1009,168924,3,1,1,0,0,0,1,1,1,26,114.1803685,22.3056826,22507,24119,1539,3888,1172,241,347,1196,11.60301,222,12.9901,1.39,0,0,0,0,558842204,0.0,0.0,0.0
91616000,2025,10,27,1,26,38,1,1,1,0,1009,168739,3,1,1,0,0,0,1,1,1,25,114.1803699,22.3056922,21862,23475,1566,3860,1003,193,580,1022,10.89317,214,10.86202,1.4,0,0,0,0,558842204,0.0,0.0,0.0
91617000,2025,10,27,1,26,39,1,1,1,0,1008,168555,3,1,1,0,0,0,1,1,1,25,114.1803711,22.3057021,21399,23011,1572,3805,1091,184,253,1106,9.58369,153,7.85515,1.39,0,0,0,0,558842204,0.0,0.0,0.0
91618000,2025,10,27,1,26,40,1,1,1,0,1008,168371,3,1,1,0,0,0,1,1,1,25,114.1803696,22.3057118,21257,22869,1576,3759,999,-261,64,1033,345.37192,111,9.85115,1.39,0,0,0,0,558842204,0.0,0.0,0.0
91619000,2025,10,27,1,26,41,1,1,1,0,1008,168187,3,1,1,0,0,0,1,1,1,26,114.1803685,22.3057219,21294,22906,1581,3715,1138,4,-164,1138,0.18778,126,8.48678,1.39,0,0,0,0,558842204,0.0,0.0,0.0
91620000,2025,10,27,1,26,42,1,1,1,0,1008,168005,3,1,1,0,0,0,1,1,1,25,114.1803667,22.3057317,21144,22757,1587,3679,991,-291,41,1033,343.62692,93,10.16178,1.39,0,0,0,0,558842204,0.0,0.0,0.0
91621000,2025,10,27,1,26,43,1,1,1,0,1008,167821,3,1,1,0,0,0,1,1,1,25,114.1803638,22.3057407,21376,22988,1593,3639,945,-218,-271,970,347.00556,130,11.62633,1.23,0,0,0,0,558842204,0.0,0.0,0.0
91622000,2025,10,27,1,26,44,1,1,1,0,1008,167638,3,1,1,0,0,0,1,1,1,23,114.1803688,22.3057494,21585,23197,2245,3700,964,847,-130,1283,350.214,1381,52.89467,1.25,0,0,0,0,558842204,0.0,0.0,0.0
91623000,2025,10,27,1,26,45,1,1,1,0,1008,167455,3,1,0,0,0,0,1,1,1,20,114.1803709,22.3057583,21758,23370,3425,3842,1002,113,-210,1008,350.214,1427,78.35637,1.77,0,0,0,0,558842204,0.0,0.0,0.0
91624000,2025,10,27,1,26,46,1,1,1,0,1008,167275,3,1,1,0,0,0,1,1,1,25,114.1803659,22.3057689,21406,23018,3704,3848,937,-306,-66,986,341.90276,142,14.24397,1.42,0,0,0,0,558842204,0.0,0.0,0.0
91625000,2025,10,27,1,26,47,1,1,1,0,1008,167095,3,1,1,0,0,0,1,1,1,24,114.1803617,22.3057812,21325,22937,3556,3805,946,-486,-222,1064,332.79354,130,8.75321,1.5,0,0,0,0,558842204,0.0,0.0,0.0
91626000,2025,10,27,1,26,48,1,1,1,0,1008,166917,3,1,1,0,0,0,1,1,1,24,114.1803552,22.3057927,21149,22761,3406,3783,941,-479,-51,1056,333.03748,108,9.37296,1.75,0,0,0,0,558842204,0.0,0.0,0.0
91627000,2025,10,27,1,26,49,1,1,1,0,1008,166740,3,1,0,0,0,0,1,1,1,23,114.1803469,22.3058009,20693,22305,3247,3739,666,-377,11,765,330.45972,102,10.77296,1.45,0,0,0,0,558842204,0.0,0.0,0.0
91628000,2025,10,27,1,26,50,1,1,1,0,1008,166563,3,1,0,0,0,0,1,1,1,24,114.1803381,22.3058081,20453,22065,3108,3706,775,-669,-17,1024,319.19144,128,7.35538,1.47,0,0,0,0,558842204,0.0,0.0,0.0
91629000,2025,10,27,1,26,51,1,1,1,0,1008,166386,3,1,0,0,0,0,1,1,1,25,114.180329,22.3058145,20441,22053,3003,3689,645,-775,-198,1009,309.76506,174,8.82796,1.42,0,0,0,0,558842204,0.0,0.0,0.0
91630000,2025,10,27,1,26,52,1,1,1,0,1008,166209,3,1,0,0,0,0,1,1,1,24,114.1803205,22.3058205,20378,21991,2969,3733,568,-749,-32,940,307.19066,347,35.33438,1.7,0,0,0,0,558842204,0.0,0.0,0.0
91631000,2025,10,27,1,26,53,1,1,1,0,1008,166034,3,1,0,0,0,0,1,1,1,23,114.1803126,22.3058264,19795,21407,2919,3745,627,-912,115,1107,304.53686,169,7.17873,1.77,0,0,0,0,558842204,0.0,0.0,0.0
91632000,2025,10,27,1,26,54,1,1,1,0,1008,165850,3,1,0,0,0,0,1,1,1,23,114.1802986,22.3058307,20730,22343,2845,3756,382,-897,-92,975,293.04662,225,6.04765,1.7,0,0,0,0,558842204,0.0,0.0,0.0
91633000,2025,10,27,1,26,55,1,1,1,0,1008,165669,3,1,0,0,0,0,1,1,1,24,114.1802864,22.3058328,20582,22194,2766,3751,200,-1134,-90,1152,279.98904,200,4.12725,1.66,0,0,0,0,558842204,0.0,0.0,0.0
91634000,2025,10,27,1,26,56,1,1,1,0,1008,165489,3,1,0,0,0,0,1,1,1,22,114.1802727,22.3058312,21038,22650,2683,3709,-167,-1304,-246,1315,262.69362,174,3.96771,1.42,0,0,0,0,558842204,0.0,0.0,0.0
91635000,2025,10,27,1,26,57,1,1,1,0,1008,165314,3,1,0,0,0,0,1,1,1,25,114.1802576,22.3058289,21023,22636,2618,3691,-221,-1563,-241,1578,261.95626,275,4.40982,1.68,0,0,0,0,558842204,0.0,0.0,0.0
91636000,2025,10,27,1,26,58,1,1,1,0,1008,165143,3,1,0,0,0,0,1,1,1,24,114.1802455,22.3058259,20931,22543,2545,3660,-333,-984,-139,1039,251.29778,182,5.51113,1.66,0,0,0,0,558842204,0.0,0.0,0.0
91637000,2025,10,27,1,26,59,1,1,1,0,1008,164972,3,1,0,0,0,0,1,1,1,26,114.180236,22.3058221,20636,22248,2467,3626,-508,-981,115,1105,242.6101,108,4.13875,1.32,0,0,0,0,558842204,0.0,0.0,0.0
91638000,2025,10,27,1,27,0,1,1,1,0,1008,164801,3,1,0,0,0,0,1,1,1,26,114.1802266,22.3058172,20518,22131,2393,3588,-577,-1042,6,1191,241.00672,109,3.63345,1.35,0,0,0,0,558842204,0.0,0.0,0.0
91639000,2025,10,27,1,27,1,1,1,1,0,1008,164630,3,1,0,0,0,0,1,1,1,25,114.1802178,22.3058114,20575,22188,2325,3552,-634,-908,-148,1107,235.05282,135,4.31411,1.35,0,0,0,0,558842204,0.0,0.0,0.0
91640000,2025,10,27,1,27,2,1,1,1,0,1008,164459,3,1,0,0,0,0,1,1,1,25,114.1802079,22.3058058,20838,22451,2262,3511,-608,-1083,-310,1242,240.68704,138,3.24512,1.35,0,0,0,0,558842204,0.0,0.0,0.0
91641000,2025,10,27,1,27,3,1,1,1,0,1008,164283,3,1,0,0,0,0,1,1,1,26,114.1801985,22.3057995,20654,22267,2207,3482,-701,-964,12,1192,233.97132,131,4.22179,1.69,0,0,0,0,558842204,0.0,0.0,0.0
91642000,2025,10,27,1,27,4,1,1,1,0,1008,164107,3,1,0,0,0,0,1,1,1,22,114.1801898,22.3057933,20664,22277,2176,3494,-590,-978,-89,1142,238.8782,255,10.4538,1.73,0,0,0,0,558842204,0.0,0.0,0.0
91643000,2025,10,27,1,27,5,1,1,1,0,1008,163935,3,1,0,0,0,0,1,1,1,24,114.18018,22.3057872,20624,22236,2142,3469,-687,-1068,-170,1270,237.2582,148,3.5607,1.69,0,0,0,0,558842204,0.0,0.0,0.0
91644000,2025,10,27,1,27,6,1,1,1,0,1008,163765,3,1,0,0,0,0,1,1,1,25,114.1801711,22.3057808,20616,22229,2100,3455,-692,-913,-151,1146,232.82956,130,4.31603,1.69,0,0,0,0,558842204,0.0,0.0,0.0
91645000,2025,10,27,1,27,7,1,1,1,0,1008,163594,3,1,0,0,0,0,1,1,1,25,114.1801622,22.3057743,20500,22112,2059,3438,-699,-996,-32,1217,234.93942,123,3.79905,1.69,0,0,0,0,558842204,0.0,0.0,0.0
91646000,2025,10,27,1,27,8,1,1,1,0,1008,163423,3,1,0,0,0,0,1,1,1,25,114.1801543,22.3057675,20519,22132,2021,3425,-752,-832,-34,1121,227.87606,120,5.09343,1.35,0,0,0,0,558842204,0.0,0.0,0.0
91647000,2025,10,27,1,27,9,1,1,1,0,1008,163251,3,1,0,0,0,0,1,1,1,25,114.1801451,22.3057607,20610,22223,1986,3413,-761,-961,16,1225,231.62292,132,4.85646,1.23,0,0,0,0,558842204,0.0,0.0,0.0
91648000,2025,10,27,1,27,10,1,1,1,0,1008,163080,3,1,0,0,0,0,1,1,1,25,114.1801368,22.3057535,20775,22388,1955,3411,-779,-847,-164,1151,227.39766,133,5.5408,1.41,0,0,0,0,558842204,0.0,0.0,0.0
91649000,2025,10,27,1,27,11,1,1,1,0,1008,162908,3,1,1,0,0,0,1,1,1,26,114.180127,22.3057465,20764,22377,1917,3412,-680,-986,-56,1198,235.40182,122,4.74953,1.41,0,0,0,0,558842204,0.0,0.0,0.0
91650000,2025,10,27,1,27,12,1,1,1,0,1008,162735,3,1,1,0,0,0,1,1,1,26,114.1801171,22.3057401,20766,22379,1883,3413,-656,-943,-2,1149,235.16632,107,4.91154,1.23,0,0,0,0,558842204,0.0,0.0,0.0
91651000,2025,10,27,1,27,13,1,1,1,0,1008,162562,3,1,1,0,0,0,1,1,1,25,114.1801067,22.305734,20753,22366,1847,3395,-618,-952,73,1135,236.99888,113,4.78286,1.23,0,0,0,0,558842204,0.0,0.0,0.0
91652000,2025,10,27,1,27,14,1,1,1,0,1008,162389,3,1,1,0,0,0,1,1,1,25,114.1800975,22.3057276,20831,22444,1818,3377,-678,-885,-41,1115,232.57308,122,5.38433,1.23,0,0,0,0,558842204,0.0,0.0,0.0
91653000,2025,10,27,1,27,15,1,1,1,0,1008,162217,3,1,1,0,0,0,1,1,1,26,114.1800889,22.3057213,20909,22522,1790,3367,-627,-799,-63,1016,231.86276,107,5.36658,1.23,0,0,0,0,558842204,0.0,0.0,0.0
91654000,2025,10,27,1,27,16,1,1,1,0,1008,162044,3,1,1,0,0,0,1,1,1,26,114.1800824,22.3057155,20893,22506,1766,3358,-591,-557,2,812,223.3329,108,7.89074,1.23,0,0,0,0,558842204,0.0,0.0,0.0
91655000,2025,10,27,1,27,17,1,1,1,0,1008,161871,3,1,1,0,0,0,1,1,1,26,114.1800822,22.305709,20837,22450,1748,3347,-719,194,31,745,164.91046,104,10.84632,1.23,0,0,0,0,558842204,0.0,0.0,0.0
91656000,2025,10,27,1,27,18,1,1,1,0,1007,161696,3,1,1,0,0,0,1,1,1,26,114.1800844,22.3056999,20989,22602,1712,3313,-1005,457,53,1104,155.56496,96,5.32393,1.21,0,0,0,0,558842204,0.0,0.0,0.0
91657000,2025,10,27,1,27,19,1,1,1,0,1007,161521,3,1,1,0,0,0,1,1,1,26,114.1800856,22.3056892,21227,22841,1672,3271,-1147,117,-174,1152,174.15754,109,4.79906,1.21,0,0,0,0,558842204,0.0,0.0,0.0
91658000,2025,10,27,1,27,20,1,1,1,0,1007,161346,3,1,1,0,0,0,1,1,1,26,114.1800828,22.3056769,21232,22845,1636,3237,-1355,-343,57,1397,194.2101,84,4.69125,1.21,0,0,0,0,558842204,0.0,0.0,0.0
91659000,2025,10,27,1,27,21,1,1,1,0,1007,161169,3,1,1,0,0,0,1,1,1,26,114.1800793,22.3056647,21279,22893,1603,3206,-1253,-358,33,1303,195.9678,83,4.23971,1.21,0,0,0,0,558842204,0.0,0.0,0.0
91660000,2025,10,27,1,27,22,1,1,1,0,1007,160994,3,1,1,0,0,0,1,1,1,26,114.1800756,22.3056527,21501,23114,1568,3171,-1267,-358,-138,1317,195.7886,84,3.79095,1.21,0,0,0,0,558842204,0.0,0.0,0.0
91661000,2025,10,27,1,27,23,1,1,1,0,1007,160821,3,1,1,0,0,0,1,1,1,26,114.180072,22.3056408,21663,23276,1536,3134,-1253,-316,-109,1292,194.1313,79,3.63067,1.21,0,0,0,0,558842204,0.0,0.0,0.0
91662000,2025,10,27,1,27,24,1,1,1,0,1007,160648,3,1,1,0,0,0,1,1,1,26,114.1800673,22.3056292,21833,23446,1502,3087,-1220,-485,-88,1313,201.6602,76,3.15585,1.21,0,0,0,0,558842204,0.0,0.0,0.0
91663000,2025,10,27,1,27,25,1,1,1,0,1007,160475,3,1,1,0,0,0,1,1,1,26,114.1800615,22.3056201,21862,23475,1475,3039,-883,-593,-33,1064,213.88962,86,4.08847,1.21,0,0,0,0,558842204,0.0,0.0,0.0
91664000,2025,10,27,1,27,26,1,1,1,0,1007,160301,3,1,1,0,0,0,1,1,1,25,114.1800547,22.3056171,21675,23288,1459,3005,-87,-704,33,709,262.9724,107,6.12508,1.23,0,0,0,0,558842204,0.0,0.0,0.0
91665000,2025,10,27,1,27,27,1,1,1,0,1007,160127,3,1,1,0,0,0,1,1,1,26,114.1800503,22.3056198,21161,22774,1446,2995,474,-297,552,559,327.95706,222,11.61758,1.23,0,0,0,0,558842204,0.0,0.0,0.0
91666000,2025,10,27,1,27,28,1,1,1,0,1007,159953,3,1,1,0,0,0,1,1,1,26,114.1800494,22.3056219,21037,22650,1436,2998,120,63,264,135,253.20522,280,54.65719,1.21,0,0,0,0,558842204,0.0,0.0,0.0
91667000,2025,10,27,1,27,29,1,1,1,0,1007,159779,3,1,1,0,0,0,1,1,1,26,114.1800493,22.3056225,20994,22607,1431,3018,35,1,207,35,253.20522,338,180.0,1.21,0,0,0,0,558842204,0.0,0.0,0.0
91668000,2025,10,27,1,27,30,1,1,1,0,1007,159604,3,1,1,0,0,0,1,1,1,26,114.1800502,22.3056226,20916,22529,1435,3069,-33,217,136,220,253.20522,198,45.85817,1.25,0,0,0,0,558842204,0.0,0.0,0.0
91669000,2025,10,27,1,27,31,1,1,1,0,1007,159430,3,1,1,0,0,0,1,1,1,26,114.1800495,22.3056229,20810,22423,1433,3077,-12,-30,303,33,253.20522,320,180.0,1.25,0,0,0,0,558842204,0.0,0.0,0.0
91670000,2025,10,27,1,27,32,1,1,1,0,1007,159254,3,1,1,0,0,0,1,1,1,26,114.1800489,22.305623,20718,22331,1430,3106,-4,9,195,10,253.20522,345,180.0,1.25,0,0,0,0,558842204,0.0,0.0,0.0
91671000,2025,10,27,1,27,33,1,1,1,0,1007,159079,3,1,1,0,0,0,1,1,1,26,114.1800483,22.3056231,20709,22322,1426,3114,-11,-2,81,11,253.20522,298,180.0,1.25,0,0,0,0,558842204,0.0,0.0,0.0
91672000,2025,10,27,1,27,34,1,1,1,0,1007,158905,3,1,1,0,0,0,1,1,1,26,114.1800473,22.3056231,20879,22492,1419,3112,-3,2,-7,4,253.20522,216,180.0,1.21,0,0,0,0,558842204,0.0,0.0,0.0
91673000,2025,10,27,1,27,35,1,1,1,0,1007,158731,3,1,1,0,0,0,1,1,1,25,114.1800472,22.3056229,21145,22758,1408,3100,19,-4,7,19,253.20522,146,180.0,1.23,0,0,0,0,558842204,0.0,0.0,0.0
91674000,2025,10,27,1,27,36,1,1,1,0,1007,158556,3,1,1,0,0,0,1,1,1,26,114.1800471,22.3056229,21253,22866,1398,3092,5,-1,27,5,253.20522,251,180.0,1.21,0,0,0,0,558842204,0.0,0.0,0.0
91675000,2025,10,27,1,27,37,1,1,1,0,1007,158381,3,1,1,0,0,0,1,1,1,26,114.1800471,22.3056228,21437,23050,1388,3079,-3,-1,27,3,253.20522,233,180.0,1.21,0,0,0,0,558842204,0.0,0.0,0.0
91676000,2025,10,27,1,27,38,1,1,1,0,1007,158207,3,1,1,0,0,0,1,1,1,26,114.1800469,22.3056226,21652,23265,1378,3062,7,-6,-19,9,253.20522,182,180.0,1.21,0,0,0,0,558842204,0.0,0.0,0.0
91677000,2025,10,27,1,27,39,1,1,1,0,1007,158032,3,1,1,0,0,0,1,1,1,26,114.1800467,22.3056226,21856,23469,1367,3047,-1,3,-18,3,253.20522,230,180.0,1.21,0,0,0,0,558842204,0.0,0.0,0.0
91678000,2025,10,27,1,27,40,1,1,1,0,1007,157858,3,1,1,0,0,0,1,1,1,26,114.1800467,22.3056224,22123,23736,1359,3034,-7,-3,-12,8,253.20522,196,180.0,1.21,0,0,0,0,558842204,0.0,0.0,0.0
91679000,2025,10,27,1,27,41,1,1,1,0,1007,157683,3,1,1,0,0,0,1,1,1,26,114.1800468,22.3056223,22397,24010,1350,3022,-6,0,12,6,253.20522,174,180.0,1.21,0,0,0,0,558842204,0.0,0.0,0.0
91680000,2025,10,27,1,27,42,1,1,1,0,1007,157508,3,1,1,0,0,0,1,1,1,26,114.1800463,22.3056223,22483,24096,1341,3009,-5,-10,15,11,253.20522,199,180.0,1.25,0,0,0,0,558842204,0.0,0.0,0.0
91681000,2025,10,27,1,27,43,1,1,1,0,1007,157333,3,1,1,0,0,0,1,1,1,26,114.1800458,22.3056223,22622,24235,1335,2998,7,-14,26,16,253.20522,230,180.0,1.21,0,0,0,0,558842204,0.0,0.0,0.0
91682000,2025,10,27,1,27,44,1,1,1,0,1007,157158,3,1,1,0,0,0,1,1,1,26,114.1800456,22.3056224,22806,24419,1327,2987,-4,-6,23,8,253.20522,208,180.0,1.21,0,0,0,0,558842204,0.0,0.0,0.0
91683000,2025,10,27,1,27,45,1,1,1,0,1007,156983,3,1,1,0,0,0,1,1,1,26,114.1800454,22.3056225,22913,24526,1319,2974,13,-1,57,13,253.20522,223,180.0,1.25,0,0,0,0,558842204,0.0,0.0,0.0
91684000,2025,10,27,1,27,46,1,1,1,0,1007,156807,3,1,1,0,0,0,1,1,1,26,114.1800456,22.3056225,23024,24638,1312,2971,2,26,27,26,253.20522,188,180.0,1.21,0,0,0,0,558842204,0.0,0.0,0.0
91685000,2025,10,27,1,27,47,1,1,1,0,1007,156631,3,1,1,0,0,0,1,1,1,26,114.1800457,22.3056224,23146,24759,1307,2974,-6,0,73,6,253.20522,260,180.0,1.21,0,0,0,0,558842204,0.0,0.0,0.0
91686000,2025,10,27,1,27,48,1,1,1,0,1007,156455,3,1,1,0,0,0,1,1,1,26,114.1800455,22.3056224,23171,24784,1301,2975,-3,-2,14,3,253.20522,213,180.0,1.25,0,0,0,0,558842204,0.0,0.0,0.0
91687000,2025,10,27,1,27,49,1,1,1,0,1007,156279,3,1,1,0,0,0,1,1,1,27,114.1800452,22.3056225,23290,24903,1294,2971,-4,0,34,4,253.20522,239,180.0,1.15,0,0,0,0,558842204,0.0,0.0,0.0
91688000,2025,10,27,1,27,50,1,1,1,0,1007,156102,3,1,1,0,0,0,1,1,1,27,114.1800448,22.3056227,23462,25075,1287,2965,1,-9,34,9,253.20522,235,180.0,1.12,0,0,0,0,558842204,0.0,0.0,0.0
91689000,2025,10,27,1,27,51,1,1,1,0,1007,155925,3,1,1,0,0,0,1,1,1,27,114.1800445,22.3056229,23655,25268,1280,2957,5,-9,33,10,253.20522,233,180.0,1.12,0,0,0,0,558842204,0.0,0.0,0.0
91690000,2025,10,27,1,27,52,1,1,1,0,1007,155748,3,1,1,0,0,0,1,1,1,27,114.1800442,22.3056231,23852,25466,1273,2946,9,-6,40,11,253.20522,226,180.0,1.12,0,0,0,0,558842204,0.0,0.0,0.0
91691000,2025,10,27,1,27,53,1,1,1,0,1006,155571,3,1,1,0,0,0,1,1,1,27,114.1800439,22.3056234,24062,25675,1268,2937,12,0,30,12,253.20522,222,180.0,1.12,0,0,0,0,558842204,0.0,0.0,0.0
91692000,2025,10,27,1,27,54,1,1,1,0,1006,155393,3,1,1,0,0,0,1,1,1,26,114.1800436,22.3056236,24225,25838,1263,2932,5,-6,71,8,253.20522,235,180.0,1.15,0,0,0,0,558842204,0.0,0.0,0.0
91693000,2025,10,27,1,27,55,1,1,1,0,1006,155215,3,1,1,0,0,0,1,1,1,27,114.1800434,22.3056238,24398,26011,1259,2926,4,-4,67,5,253.20522,233,180.0,1.12,0,0,0,0,558842204,0.0,0.0,0.0
91694000,2025,10,27,1,27,56,1,1,1,0,1006,155037,3,1,1,0,0,0,1,1,1,27,114.1800431,22.305624,24566,26179,1255,2919,5,-11,29,12,253.20522,224,180.0,1.12,0,0,0,0,558842204,0.0,0.0,0.0
91695000,2025,10,27,1,27,57,1,1,1,0,1006,154859,3,1,1,0,0,0,1,1,1,27,114.180043,22.3056242,24767,26380,1251,2912,3,-4,-1,5,253.20522,92,180.0,1.12,0,0,0,0,558842204,0.0,0.0,0.0
91696000,2025,10,27,1,27,58,1,1,1,0,1006,154681,3,1,1,0,0,0,1,1,1,27,114.1800427,22.3056244,24853,26467,1247,2906,-1,-3,3,3,253.20522,106,180.0,1.12,0,0,0,0,558842204,0.0,0.0,0.0
91697000,2025,10,27,1,27,59,1,1,1,0,1006,154504,3,1,1,0,0,0,1,1,1,27,114.1800427,22.3056245,25048,26661,1242,2898,2,2,-8,3,253.20522,150,180.0,1.12,0,0,0,0,558842204,0.0,0.0,0.0
91698000,2025,10,27,1,28,0,1,1,1,0,1006,154326,3,1,1,0,0,0,1,1,1,27,114.1800427,22.3056245,25224,26837,1238,2891,3,0,18,3,253.20522,204,180.0,1.12,0,0,0,0,558842204,0.0,0.0,0.0
91699000,2025,10,27,1,28,1,1,1,1,0,1006,154149,3,1,1,0,0,0,1,1,1,27,114.1800428,22.3056245,25342,26955,1235,2887,5,4,28,7,253.20522,217,180.0,1.21,0,0,0,0,558842204,0.0,0.0,0.0
91700000,2025,10,27,1,28,2,1,1,1,0,1006,153971,3,1,1,0,0,0,1,1,1,27,114.1800428,22.3056246,25450,27063,1233,2881,9,-3,35,9,253.20522,221,180.0,1.12,0,0,0,0,558842204,0.0,0.0,0.0
91701000,2025,10,27,1,28,3,1,1,1,0,1006,153792,3,1,1,0,0,0,1,1,1,27,114.1800428,22.3056246,25581,27194,1230,2875,-1,6,68,6,253.20522,223,180.0,1.12,0,0,0,0,558842204,0.0,0.0,0.0
91702000,2025,10,27,1,28,4,1,1,1,0,1006,153613,3,1,1,0,0,0,1,1,1,27,114.1800429,22.3056247,25730,27343,1227,2868,1,-4,57,4,253.20522,225,180.0,1.12,0,0,0,0,558842204,0.0,0.0,0.0
91703000,2025,10,27,1,28,5,1,1,1,0,1006,153434,3,1,1,0,0,0,1,1,1,27,114.1800429,22.3056247,25921,27534,1224,2861,6,-7,20,9,253.20522,205,180.0,1.12,0,0,0,0,558842204,0.0,0.0,0.0
91704000,2025,10,27,1,28,6,1,1,1,0,1006,153255,3,1,1,0,0,0,1,1,1,27,114.1800429,22.3056248,26109,27722,1222,2856,2,-4,32,5,253.20522,219,180.0,1.12,0,0,0,0,558842204,0.0,0.0,0.0
91705000,2025,10,27,1,28,7,1,1,1,0,1006,153075,3,1,1,0,0,0,1,1,1,27,114.1800429,22.3056248,26309,27922,1217,2847,4,-1,32,4,253.20522,214,180.0,1.12,0,0,0,0,558842204,0.0,0.0,0.0
91706000,2025,10,27,1,28,8,1,1,1,0,1006,152896,3,1,1,0,0,0,1,1,1,27,114.1800426,22.305625,26385,27998,1207,2836,2,3,12,4,253.20522,173,180.0,1.12,0,0,0,0,558842204,0.0,0.0,0.0
91707000,2025,10,27,1,28,9,1,1,1,0,1006,152717,3,1,1,0,0,0,1,1,1,27,114.1800423,22.3056252,26539,28152,1195,2819,-2,2,-41,3,253.20522,211,180.0,1.12,0,0,0,0,558842204,0.0,0.0,0.0
91708000,2025,10,27,1,28,10,1,1,1,0,1006,152538,3,1,1,0,0,0,1,1,1,27,114.180042,22.3056254,26713,28326,1184,2803,2,-2,36,3,253.20522,209,180.0,1.12,0,0,0,0,558842204,0.0,0.0,0.0
91709000,2025,10,27,1,28,11,1,1,1,0,1006,152358,3,1,1,0,0,0,1,1,1,27,114.1800419,22.3056255,26909,28522,1174,2788,3,2,42,4,253.20522,213,180.0,1.12,0,0,0,0,558842204,0.0,0.0,0.0
91710000,2025,10,27,1,28,12,1,1,1,0,1006,152178,3,1,1,0,0,0,1,1,1,27,114.1800417,22.3056256,27059,28673,1165,2772,-5,3,-33,6,253.20522,211,180.0,1.12,0,0,0,0,558842204,0.0,0.0,0.0
91711000,2025,10,27,1,28,13,1,1,1,0,1006,151998,3,1,1,0,0,0,1,1,1,27,114.1800414,22.3056259,27125,28738,1157,2757,-7,5,-22,8,253.20522,202,180.0,1.12,0,0,0,0,558842204,0.0,0.0,0.0
91712000,2025,10,27,1,28,14,1,1,1,0,1006,151819,3,1,1,0,0,0,1,1,1,27,114.1800411,22.3056262,27214,28828,1149,2743,9,6,39,10,253.20522,212,180.0,1.12,0,0,0,0,558842204,0.0,0.0,0.0
91713000,2025,10,27,1,28,15,1,1,1,0,1006,151639,3,1,1,0,0,0,1,1,1,27,114.180041,22.3056264,27308,28921,1142,2730,0,6,61,6,253.20522,213,180.0,1.12,0,0,0,0,558842204,0.0,0.0,0.0
91714000,2025,10,27,1,28,16,1,1,1,0,1006,151458,3,1,1,0,0,0,1,1,1,28,114.1800408,22.3056266,27346,28959,1135,2715,-2,-3,25,3,253.20522,194,180.0,1.07,0,0,0,0,558842204,0.0,0.0,0.0
91715000,2025,10,27,1,28,17,1,1,1,0,1006,151278,3,1,1,0,0,0,1,1,1,28,114.1800406,22.3056268,27435,29048,1128,2698,6,4,39,7,253.20522,202,180.0,1.07,0,0,0,0,558842204,0.0,0.0,0.0
91716000,2025,10,27,1,28,18,1,1,1,0,1006,151097,3,1,1,0,0,0,1,1,1,28,114.1800406,22.305627,27538,29152,1121,2682,4,-7,56,8,253.20522,207,180.0,1.07,0,0,0,0,558842204,0.0,0.0,0.0
91717000,2025,10,27,1,28,19,1,1,1,0,1006,150916,3,1,1,0,0,0,1,1,1,28,114.1800402,22.3056272,27566,29179,1114,2668,3,-9,45,9,253.20522,206,180.0,1.07,0,0,0,0,558842204,0.0,0.0,0.0
