iTOW,version,posCovValid,velCovValid,reserved0,posCovNN,posCovNE,posCovND,posCovEE,posCovED,posCovDD,velCovNN,velCovNE,velCovND,velCovEE,velCovED,velCovDD
91494000,0,1,1,1171368248954360692736,0.5884591341018677,-0.12922444939613342,0.052222274243831635,0.9953063726425171,0.06934107095003128,7.180878639221191,0.0048271482810378075,-0.00033505819737911224,0.0026679050642997026,0.010045891627669334,-0.0006510778330266476,0.04390014708042145
91495000,0,1,1,1171368248954360692736,0.5832759737968445,-0.1263173222541809,0.05777566134929657,0.9930570125579834,0.07074668258428574,7.123743057250977,0.005003664176911116,2.0873150788247585e-05,0.002936646342277527,0.011752650141716003,0.00023129954934120178,0.04517614468932152
91496000,0,1,1,1171368248954360692736,0.5796440243721008,-0.12412062287330627,0.06364907324314117,0.9932947158813477,0.06588613986968994,7.0888166427612305,0.0060363830998539925,-0.0002879002131521702,0.002376446034759283,0.013131455518305302,-0.0009450837969779968,0.04917912185192108
91497000,0,1,1,1171368248954360692736,0.5774422883987427,-0.12252263724803925,0.07072374224662781,0.996724009513855,0.05860161781311035,7.0763983726501465,0.00624964339658618,-0.0001899205381050706,0.002856998238712549,0.014210100285708904,-0.001028615515679121,0.052542079240083694
91498000,0,1,1,1171368248954360692736,0.5746152400970459,-0.12090340256690979,0.07731424272060394,0.999190092086792,0.05122377723455429,7.056093692779541,0.005600515753030777,-0.00034145452082157135,0.002633228898048401,0.013171596452593803,-0.0011244751513004303,0.049363795667886734
91499000,0,1,1,1171368248954360692736,0.5710615515708923,-0.11933296918869019,0.08304110169410706,1.0005650520324707,0.04541046917438507,7.032249927520752,0.00546016963198781,-0.0003254120238125324,0.00255405786447227,0.012604610063135624,-0.0008350636344403028,0.047831736505031586
91500000,0,1,1,1171368248954360692736,0.5670764446258545,-0.11765608191490173,0.08821813762187958,0.9996991753578186,0.0412323921918869,7.003167152404785,0.0046662837266922,-0.0005201655440032482,0.002613280201330781,0.011248305439949036,-0.0008581648580729961,0.04513406381011009
91501000,0,1,1,1171368248954360692736,0.5628584027290344,-0.11624148488044739,0.0929957702755928,0.9983780980110168,0.036554887890815735,6.971922874450684,0.004965252708643675,-0.0004999574739485979,0.0026567326858639717,0.011459216475486755,-0.001147788017988205,0.044582609087228775
91502000,0,1,1,1171368248954360692736,0.5582630634307861,-0.11418067663908005,0.0965312123298645,0.99614417552948,0.03713471442461014,6.926183223724365,0.004763386212289333,-0.00023640843573957682,0.0029023662209510803,0.011078919284045696,7.254071533679962e-06,0.04212078079581261
91503000,0,1,1,1171368248954360692736,0.554628849029541,-0.11211112886667252,0.10111725330352783,0.9939746856689453,0.03675352782011032,6.885376453399658,0.005515528377145529,-0.00033342873211950064,0.002636330435052514,0.01141594909131527,-0.0004117863718420267,0.04257402569055557
91504000,0,1,1,1171368248954360692736,0.5512941479682922,-0.11027340590953827,0.10592559725046158,0.9880881309509277,0.028698831796646118,6.850273132324219,0.005231399554759264,-0.00034656585194170475,0.0027295509353280067,0.008728627115488052,-0.002369920490309596,0.042451824992895126
91505000,0,1,1,1171368248954360692736,0.5491628050804138,-0.10908930003643036,0.11038915812969208,0.9809919595718384,0.025718562304973602,6.844214916229248,0.006790464743971825,-0.0014969614567235112,0.0033513186499476433,0.009903688915073872,0.0005776169709861279,0.05283110961318016
91506000,0,1,1,1171368248954360692736,0.5519242286682129,-0.1105278879404068,0.11576913297176361,0.9892276525497437,0.033432841300964355,6.909651756286621,0.010273946449160576,-0.0024786540307104588,0.0022282861173152924,0.021251633763313293,0.002903485670685768,0.06913220882415771
91507000,0,1,1,1171368248954360692736,0.55210942029953,-0.11049501597881317,0.1130560040473938,0.988916277885437,0.039564818143844604,6.8808274269104,0.006777540314942598,-0.0021929843351244926,0.0027494195383042097,0.008403273299336433,-0.0005691144615411758,0.05520906299352646
91508000,0,1,1,1171368248954360692736,0.5495638251304626,-0.10993257164955139,0.11101553589105606,0.9781394004821777,0.03963180631399155,6.853567600250244,0.0058649457059800625,-0.001550803193822503,0.0014665494672954082,0.0062263477593660355,-0.000749991275370121,0.0465499609708786
91509000,0,1,1,1171368248954360692736,0.5457968711853027,-0.10822559148073196,0.10479053109884262,0.9657263159751892,0.04531314969062805,6.799997329711914,0.005088575650006533,-0.0009688324062153697,0.0018026316538453102,0.004627133719623089,-0.0009050191147252917,0.04107542335987091
91510000,0,1,1,1171368248954360692736,0.5405168533325195,-0.10510428249835968,0.09200206398963928,0.9561371803283691,0.058545179665088654,6.7422637939453125,0.005489377770572901,-0.00030201527988538146,-0.0011535182129591703,0.010794378817081451,0.003675168612971902,0.04726959019899368
91511000,0,1,1,1171368248954360692736,0.5357550382614136,-0.09930798411369324,0.07914964854717255,0.9476101398468018,0.06728605180978775,6.643199920654297,0.0054002441465854645,0.001609142287634313,-0.0007403878262266517,0.00908874161541462,-0.0013225271832197905,0.03789325803518295
91512000,0,1,1,1171368248954360692736,0.5332982540130615,-0.09515612572431564,0.07462561875581741,0.9413949251174927,0.06953604519367218,6.599239349365234,0.005799146369099617,-6.284448318183422e-05,0.0006412954535335302,0.00862701702862978,0.0012927853967994452,0.04209945723414421
91513000,0,1,1,1171368248954360692736,0.533033549785614,-0.09050476551055908,0.07159698009490967,0.9380584955215454,0.07826808840036392,6.56673002243042,0.007587213069200516,0.0015496134292334318,0.0011970013147220016,0.01160460151731968,-0.00010608742013573647,0.045956604182720184
91514000,0,1,1,1171368248954360692736,0.5317348837852478,-0.0875433161854744,0.06643182039260864,0.9332050681114197,0.08572259545326233,6.547224998474121,0.006261531263589859,-0.0011090305633842945,0.0011224308982491493,0.009599153883755207,0.0005406783893704414,0.051566675305366516
91515000,0,1,1,1171368248954360692736,0.5313308238983154,-0.08786176145076752,0.06572327017784119,0.9299774765968323,0.08202076703310013,6.578381538391113,0.007338318508118391,-0.0012701855739578605,0.000791782746091485,0.01020810380578041,-0.0026507279835641384,0.06486934423446655
91516000,0,1,1,1171368248954360692736,0.533738374710083,-0.09062112867832184,0.06859658658504486,0.9304777979850769,0.06416601687669754,6.670675277709961,0.008623702451586723,-0.0026516830548644066,0.0020436355844140053,0.01072748750448227,-0.007264165673404932,0.08120592683553696
91517000,0,1,1,1171368248954360692736,0.5349962115287781,-0.09154734015464783,0.07189013808965683,0.932153582572937,0.04672122001647949,6.741954803466797,0.006975729484111071,-5.5684009566903114e-05,0.002216870430856943,0.012719717808067799,-0.004979056306183338,0.07356160879135132
91518000,0,1,1,1171368248954360692736,0.5350831747055054,-0.09052383154630661,0.0757908970117569,0.9366404414176941,0.026181869208812714,6.827892780303955,0.007215831894427538,2.2243941202759743e-05,0.0022184750996530056,0.014435642398893833,-0.006708985194563866,0.07940548658370972
91519000,0,1,1,1171368248954360692736,0.5354325175285339,-0.09012676030397415,0.08627631515264511,0.9464634656906128,0.0016134381294250488,6.945641040802002,0.007602117024362087,-0.0008419400546699762,0.004112412687391043,0.019062213599681854,-0.006733146961778402,0.08581557869911194
91520000,0,1,1,1171368248954360692736,0.5368127226829529,-0.08919140696525574,0.10026566684246063,0.9601885080337524,-0.022442981600761414,7.077237129211426,0.008239875547587872,0.00011602346785366535,0.00595766119658947,0.015468742698431015,-0.007566867861896753,0.08824833482503891
91521000,0,1,1,1171368248954360692736,0.5378177165985107,-0.08740051835775375,0.11876323074102402,0.9663078784942627,-0.05151665210723877,7.1904096603393555,0.007363331504166126,0.00017587048932909966,0.005985565483570099,0.012963478453457355,-0.008017564192414284,0.08200539648532867
91522000,0,1,1,1171368248954360692736,0.5389707088470459,-0.08600421249866486,0.1391298472881317,0.9709169268608093,-0.08724557608366013,7.298714637756348,0.007704496383666992,6.294879131019115e-05,0.007732432335615158,0.013853740878403187,-0.011435301974415779,0.08135415613651276
91523000,0,1,1,1171368248954360692736,0.5388692617416382,-0.08420160412788391,0.15652534365653992,0.9798650741577148,-0.12321875989437103,7.385869026184082,0.007267258130013943,0.00046784221194684505,0.005728159099817276,0.015713293105363846,-0.013552820309996605,0.07952974736690521
91524000,0,1,1,1171368248954360692736,0.5381959080696106,-0.0833921730518341,0.16975416243076324,0.9899781942367554,-0.15261077880859375,7.474448204040527,0.0065659210085868835,-0.00022677425295114517,0.005472411867231131,0.01498000230640173,-0.009000169113278389,0.07603750377893448
91525000,0,1,1,1171368248954360692736,0.5366683006286621,-0.08369189500808716,0.18328189849853516,0.9967607259750366,-0.18037879467010498,7.531826972961426,0.005724540911614895,-0.0007909929845482111,0.005182093475013971,0.014545838348567486,-0.009306473657488823,0.07040765136480331
91526000,0,1,1,1171368248954360692736,0.535720705986023,-0.08461213856935501,0.19527366757392883,1.0016064643859863,-0.19435474276542664,7.625055313110352,0.007206656504422426,-0.001705921022221446,0.005561648868024349,0.011308800429105759,0.0003656558692455292,0.08249089121818542
91527000,0,1,1,1171368248954360692736,0.5362759828567505,-0.08740675449371338,0.21149633824825287,1.0080987215042114,-0.2155386507511139,7.774755477905273,0.006875492632389069,-0.0012985835783183575,0.007272404618561268,0.01566256582736969,-0.010545672848820686,0.09396275877952576
91528000,0,1,1,1171368248954360692736,0.5369083285331726,-0.08965928852558136,0.22510573267936707,1.0160276889801025,-0.24511486291885376,7.898024559020996,0.0068743061274290085,-0.0013381799217313528,0.005928002297878265,0.014638700522482395,-0.010717149823904037,0.08812452852725983
91529000,0,1,1,1171368248954360692736,0.5389996767044067,-0.09291844815015793,0.24078956246376038,1.0279371738433838,-0.27243155241012573,8.06466293334961,0.007795183453708887,-0.0018372375052422285,0.005853389855474234,0.016500098630785942,-0.008387112990021706,0.09820021688938141
91530000,0,1,1,1171368248954360692736,0.541854739189148,-0.09632369130849838,0.25546038150787354,1.0408605337142944,-0.30025267601013184,8.189847946166992,0.007571155205368996,-0.0021107711363583803,0.006322952453047037,0.017118608579039574,-0.00949165876954794,0.08653771877288818
91531000,0,1,1,1171368248954360692736,0.5448199510574341,-0.1005304753780365,0.2716699242591858,1.0528496503829956,-0.3293697237968445,8.306994438171387,0.007978023961186409,-0.0029575161170214415,0.00677970377728343,0.015684353187680244,-0.009706875309348106,0.08367250859737396
91532000,0,1,1,1171368248954360692736,0.5474615693092346,-0.10523886978626251,0.28639087080955505,1.0617314577102661,-0.3531123995780945,8.411697387695312,0.007555932737886906,-0.002642107894644141,0.006883908528834581,0.015653664246201515,-0.008025063201785088,0.0844532698392868
91533000,0,1,1,1171368248954360692736,0.5500947833061218,-0.11119913309812546,0.29963627457618713,1.0730117559432983,-0.38276365399360657,8.575758934020996,0.008069337345659733,-0.0036090160720050335,0.004999473690986633,0.01781519688665867,-0.01030796766281128,0.1008058413863182
91534000,0,1,1,1171368248954360692736,0.5553537607192993,-0.11840654909610748,0.31185752153396606,1.0817147493362427,-0.39797455072402954,8.769865989685059,0.009965202771127224,-0.004618010949343443,0.0055811600759625435,0.013050342909991741,-0.0008806958794593811,0.10709742456674576
91535000,0,1,1,1171368248954360692736,0.5611215829849243,-0.12482200562953949,0.32434192299842834,1.0883891582489014,-0.41327112913131714,8.935201644897461,0.009661201387643814,-0.002985820872709155,0.005899202078580856,0.015490420162677765,-0.006012200843542814,0.09951707720756531
91536000,0,1,1,1171368248954360692736,0.5689827799797058,-0.13200658559799194,0.3325291872024536,1.0975704193115234,-0.4324628412723541,9.071697235107422,0.012016529217362404,-0.005820099730044603,0.004216907080262899,0.016015730798244476,-0.006802630610764027,0.09378036111593246
91537000,0,1,1,1171368248954360692736,0.5791285634040833,-0.1406557410955429,0.3479457497596741,1.1126043796539307,-0.4547249674797058,9.274744033813477,0.012297622859477997,-0.005095494911074638,0.0053557781502604485,0.022499609738588333,-0.008349054493010044,0.11213021725416183
91538000,0,1,1,1171368248954360692736,0.5851840972900391,-0.1472223997116089,0.3580687344074249,1.129707932472229,-0.4746776819229126,9.385091781616211,0.009517130441963673,-0.003922814968973398,0.006105920299887657,0.019582729786634445,-0.006980725098401308,0.0893547534942627
91539000,0,1,1,1171368248954360692736,0.5900671482086182,-0.15448503196239471,0.37189194560050964,1.1455368995666504,-0.5058225393295288,9.551105499267578,0.010079722851514816,-0.004829328507184982,0.005340280942618847,0.021387532353401184,-0.012112877331674099,0.10627224296331406
91540000,0,1,1,1171368248954360692736,0.5964493155479431,-0.16251951456069946,0.38466423749923706,1.170939326286316,-0.5111311674118042,9.675214767456055,0.010145705193281174,-0.00658361054956913,0.006620264612138271,0.03045317530632019,-0.00021135807037353516,0.09531456232070923
91541000,0,1,1,1171368248954360692736,0.6045828461647034,-0.17045514285564423,0.39669808745384216,1.1942427158355713,-0.5165888071060181,9.791802406311035,0.013146162033081055,-0.005731920711696148,0.005536522250622511,0.022519320249557495,-0.004697937984019518,0.09881530702114105
91542000,0,1,1,1171368248954360692736,0.6173397302627563,-0.18114826083183289,0.40608859062194824,1.217758297920227,-0.5215722322463989,9.940885543823242,0.014289215207099915,-0.00811607763171196,0.005864832550287247,0.028369825333356857,-0.0016269618645310402,0.10008860379457474
91543000,0,1,1,1171368248954360692736,0.6379879117012024,-0.19868874549865723,0.41644108295440674,1.2525463104248047,-0.5230967998504639,10.086538314819336,0.021644415333867073,-0.01348990947008133,0.006813046056777239,0.03669970482587814,-0.0019464530050754547,0.09965689480304718
91544000,0,1,1,1171368248954360692736,0.6602463722229004,-0.21973112225532532,0.4253599941730499,1.2955811023712158,-0.5153276324272156,10.369152069091797,0.01829943060874939,-0.014311762526631355,0.0014343401417136192,0.03874517232179642,0.004259821027517319,0.13345716893672943
91545000,0,1,1,1171368248954360692736,0.6755899786949158,-0.23649507761001587,0.4340301752090454,1.3320815563201904,-0.5087338089942932,10.577980041503906,0.014822084456682205,-0.009613074362277985,0.005812131334096193,0.03316269814968109,8.98977741599083e-05,0.11809766292572021
91546000,0,1,1,1171368248954360692736,0.6854744553565979,-0.24838200211524963,0.44858604669570923,1.362288236618042,-0.5210049152374268,10.792799949645996,0.013433132320642471,-0.00783718191087246,0.007193005643785,0.03014829009771347,-0.006909771356731653,0.11561131477355957
91547000,0,1,1,1171368248954360692736,0.6934762597084045,-0.26044896245002747,0.46480777859687805,1.4012643098831177,-0.5138826966285706,11.133962631225586,0.013174084946513176,-0.01112027745693922,0.003637033747509122,0.042434655129909515,0.004856256768107414,0.13969996571540833
91548000,0,1,1,1171368248954360692736,0.698055624961853,-0.2691482901573181,0.48293307423591614,1.451859951019287,-0.4885229766368866,11.565664291381836,0.009317416697740555,-0.005376236513257027,0.006444504484534264,0.044735152274370193,0.005914315581321716,0.15456457436084747
91549000,0,1,1,1171368248954360692736,0.7026150226593018,-0.27464547753334045,0.5019052028656006,1.4934369325637817,-0.48871734738349915,11.877837181091309,0.011735926382243633,-0.0056007555685937405,0.007540920749306679,0.03351684659719467,-0.003590773791074753,0.13878662884235382
91550000,0,1,1,1171368248954360692736,0.7101360559463501,-0.2852154076099396,0.5172306299209595,1.536076545715332,-0.4904322028160095,12.278289794921875,0.01372386235743761,-0.011011026799678802,0.0038776712026447058,0.046770162880420685,0.0002719871699810028,0.1471632421016693
91551000,0,1,1,1171368248954360692736,0.7185721397399902,-0.29558810591697693,0.5407703518867493,1.5945442914962769,-0.5117308497428894,12.671061515808105,0.01357942633330822,-0.007318736985325813,0.008188500069081783,0.05123932287096977,-0.009767568670213223,0.14025473594665527
91552000,0,1,1,1171368248954360692736,0.7291804552078247,-0.3063317835330963,0.566669225692749,1.654116153717041,-0.5282416343688965,13.153023719787598,0.014451907947659492,-0.010139846242964268,0.0064796870574355125,0.053292594850063324,-0.0017435774207115173,0.1531871110200882
91553000,0,1,1,1171368248954360692736,0.7360079884529114,-0.3184766471385956,0.5751107931137085,1.7389122247695923,-0.508440375328064,13.762527465820312,0.011867371387779713,-0.010679015889763832,0.0007055364549160004,0.07841421663761139,0.007906980812549591,0.1684829145669937
91554000,0,1,1,1171368248954360692736,0.7349653244018555,-0.32006019353866577,0.5875478982925415,1.798351764678955,-0.5312302112579346,14.159445762634277,0.008028799667954445,-0.0002974565140902996,0.0076869698241353035,0.03594560921192169,-0.011293196119368076,0.1503116637468338
91555000,0,1,1,1171368248954360692736,0.7293574810028076,-0.31441831588745117,0.6010901927947998,1.82780921459198,-0.5648611783981323,14.537906646728516,0.00813086237758398,-0.0014702838379889727,0.005308964755386114,0.03845517709851265,-0.009129086509346962,0.14249680936336517
91556000,0,1,1,1171368248954360692736,0.7323578000068665,-0.3101474344730377,0.6195002794265747,1.8558897972106934,-0.579399585723877,14.90695571899414,0.013547347858548164,-0.0020286536309868097,0.00561517383903265,0.03650814667344093,-0.001092551276087761,0.14092916250228882
91557000,0,1,1,1171368248954360692736,0.7371028661727905,-0.3014521896839142,0.63315749168396,1.874549388885498,-0.562407374382019,15.147682189941406,0.012861005030572414,4.955846816301346e-05,0.005775935482233763,0.03136700019240379,0.0035719657316803932,0.12745322287082672
91558000,0,1,1,1171368248954360692736,0.7526659369468689,-0.2921683192253113,0.6638880372047424,1.8809902667999268,-0.552048921585083,15.289844512939453,0.02010485716164112,0.0019983849488198757,0.010580392554402351,0.017123017460107803,-0.0007888292893767357,0.10897350311279297
91559000,0,1,1,1171368248954360692736,0.7785656452178955,-0.28147682547569275,0.6987424492835999,1.8840510845184326,-0.5310486555099487,15.530576705932617,0.02317877486348152,0.002372047631070018,0.006977431941777468,0.023707982152700424,0.004831540398299694,0.11452673375606537
91560000,0,1,1,1171368248954360692736,0.8063698410987854,-0.27153658866882324,0.729884147644043,1.8965203762054443,-0.5218241214752197,15.769632339477539,0.02214234508574009,0.0022275494411587715,0.00744913425296545,0.028673600405454636,-0.002414911985397339,0.11651666462421417
91561000,0,1,1,1171368248954360692736,0.8334017992019653,-0.26228347420692444,0.7643145322799683,1.9070587158203125,-0.4964521527290344,15.945661544799805,0.020835300907492638,8.11135396361351e-05,0.009226897731423378,0.02152177132666111,0.007323961239308119,0.1127847284078598
91562000,0,1,1,1171368248954360692736,0.8729273080825806,-0.2511078119277954,0.8133355379104614,1.9137378931045532,-0.4681570529937744,16.186460494995117,0.03447314724326134,0.00347962137311697,0.010445654392242432,0.024318236857652664,0.003694920800626278,0.11431616544723511
91563000,0,1,1,1171368248954360692736,0.9142350554466248,-0.23922975361347198,0.8468105792999268,1.915945291519165,-0.4537772536277771,16.26736831665039,0.025985686108469963,0.002035559620708227,0.009666110388934612,0.015019013546407223,0.0033099958673119545,0.0970643013715744
91564000,0,1,1,1171368248954360692736,0.9636071920394897,-0.22671058773994446,0.8960846662521362,1.9200053215026855,-0.4541986584663391,16.444536209106445,0.040043964982032776,0.006594546139240265,0.008713571354746819,0.028568489477038383,-0.006383690517395735,0.105857715010643
91565000,0,1,1,1171368248954360692736,1.0805912017822266,-0.20344653725624084,0.9937304258346558,1.924450397491455,-0.43755096197128296,16.580564498901367,0.08686090260744095,0.01254696398973465,0.022226892411708832,0.013766255229711533,0.004836312495172024,0.0974508747458458
91566000,0,1,1,1171368248954360692736,1.1334681510925293,-0.2079847902059555,0.9848155975341797,1.9045790433883667,-0.46334660053253174,16.590679168701172,0.025053443387150764,-0.00898747704923153,-0.004965521395206451,0.015676192939281464,-0.005544618237763643,0.10005796700716019
91567000,0,1,1,1171368248954360692736,1.1478488445281982,-0.22704210877418518,0.9707174301147461,1.888647437095642,-0.4860168993473053,16.676414489746094,0.019583523273468018,-0.007055157795548439,-3.966805525124073e-05,0.017624257132411003,-0.0027427370660007,0.10201441496610641
91568000,0,1,1,1171368248954360692736,1.1355504989624023,-0.2453763484954834,0.9475173950195312,1.8722584247589111,-0.5056514739990234,16.71444320678711,0.013990908861160278,-0.008502166718244553,0.0009710988961160183,0.017815792933106422,-0.0004984298720955849,0.09804770350456238
91569000,0,1,1,1171368248954360692736,1.1021727323532104,-0.25911757349967957,0.9141870737075806,1.8552571535110474,-0.5380754470825195,16.74557113647461,0.010617547668516636,-0.005724220536649227,0.005438352469354868,0.014563768170773983,-0.010704103857278824,0.10407397150993347
91570000,0,1,1,1171368248954360692736,1.0737590789794922,-0.27003347873687744,0.8857569694519043,1.8459861278533936,-0.5808640718460083,16.858112335205078,0.010527946054935455,-0.00602837186306715,0.004341799765825272,0.02205720730125904,-0.009281158447265625,0.11435667425394058
91571000,0,1,1,1171368248954360692736,1.0526150465011597,-0.28267237544059753,0.8575617671012878,1.8461434841156006,-0.6323152184486389,16.9947452545166,0.013752618804574013,-0.006701815873384476,0.0037863529287278652,0.02191951498389244,-0.014013168402016163,0.1173212006688118
91572000,0,1,1,1171368248954360692736,1.037896752357483,-0.28952810168266296,0.8234118223190308,1.8621914386749268,-0.692203938961029,17.262895584106445,0.014975721016526222,-0.006334186065942049,0.0030483489390462637,0.03059130348265171,-0.01943432167172432,0.14009816944599152
91573000,0,1,1,1171368248954360692736,1.02301824092865,-0.2954069972038269,0.7794204354286194,1.8774585723876953,-0.7376631498336792,17.435407638549805,0.013709114864468575,-0.006580794230103493,0.0018837226089090109,0.030178869143128395,-0.01197961438447237,0.13534343242645264
91574000,0,1,1,1171368248954360692736,1.0155433416366577,-0.3041677474975586,0.7373729944229126,1.8942407369613647,-0.8004436492919922,17.628952026367188,0.012803498655557632,-0.005674696993082762,-0.0010266166646033525,0.027069803327322006,-0.015205536037683487,0.12883435189723969
91575000,0,1,1,1171368248954360692736,1.004894495010376,-0.30967116355895996,0.6958824992179871,1.9090514183044434,-0.8965875506401062,17.86989974975586,0.012003330513834953,-0.004956577904522419,0.0015553648117929697,0.026850540190935135,-0.023115728050470352,0.13832278549671173
91576000,0,1,1,1171368248954360692736,0.9935488700866699,-0.3167279362678528,0.6768522262573242,1.9148406982421875,-0.9903244972229004,18.025272369384766,0.011129893362522125,-0.005008770152926445,0.005149373784661293,0.023695845156908035,-0.023317892104387283,0.13872182369232178
91577000,0,1,1,1171368248954360692736,0.9778152108192444,-0.31756114959716797,0.6435121297836304,1.9148672819137573,-1.0334315299987793,18.10464859008789,0.010660079307854176,-0.005338191520422697,0.0022808618377894163,0.025266416370868683,-0.014180038124322891,0.14051204919815063
91578000,0,1,1,1171368248954360692736,0.9589364528656006,-0.31413012742996216,0.5961730480194092,1.9166150093078613,-1.0482032299041748,18.147445678710938,0.007452787831425667,-0.002195977373048663,-0.0015577608719468117,0.022986071184277534,-0.009520143270492554,0.1309845745563507
91579000,0,1,1,1171368248954360692736,0.940921425819397,-0.3107122778892517,0.5602793097496033,1.917621374130249,-1.0717790126800537,18.367286682128906,0.007167198695242405,-0.0024226398672908545,0.00025807879865169525,0.02317480556666851,-0.010701213032007217,0.14570070803165436
91580000,0,1,1,1171368248954360692736,0.9236087799072266,-0.3051409423351288,0.5055765509605408,1.9074084758758545,-1.0308326482772827,18.169116973876953,0.009042697958648205,-0.002708945656195283,-0.003873347770422697,0.02210211753845215,0.0014521065168082714,0.11072493344545364
91581000,0,1,1,1171368248954360692736,0.9064512848854065,-0.2986578345298767,0.46008676290512085,1.888761281967163,-1.0097397565841675,17.88388442993164,0.008431595750153065,-0.0028271437622606754,0.0014499375829473138,0.016698049381375313,-0.010442037135362625,0.10192137956619263
91582000,0,1,1,1171368248954360692736,0.8887522220611572,-0.2912655472755432,0.4319218397140503,1.874816656112671,-1.0338575839996338,17.832590103149414,0.006871060933917761,-0.0014739105245098472,0.00293517648242414,0.023856038227677345,-0.017656035721302032,0.12627530097961426
91583000,0,1,1,1171368248954360692736,0.8676183223724365,-0.2797594666481018,0.41427648067474365,1.851112961769104,-1.0400390625,17.541397094726562,0.0063437060452997684,-0.0013619696255773306,0.003623682539910078,0.01564507558941841,-0.013588057830929756,0.10516166687011719
91584000,0,1,1,1171368248954360692736,0.8474284410476685,-0.2701948881149292,0.3982120752334595,1.8232851028442383,-1.0378367900848389,17.252960205078125,0.0059891059063375,-0.0013258015969768167,0.003531675785779953,0.013944759964942932,-0.01093326322734356,0.08741350471973419
91585000,0,1,1,1171368248954360692736,0.8307033777236938,-0.2634902596473694,0.3893829882144928,1.7958428859710693,-1.0269886255264282,16.99173355102539,0.006185657810419798,-0.001514360774308443,0.005637599620968103,0.01400400884449482,-0.008711202070116997,0.08514293283224106
91586000,0,1,1,1171368248954360692736,0.8133158683776855,-0.25359028577804565,0.38391125202178955,1.7701797485351562,-1.0247340202331543,16.69257926940918,0.006872264202684164,-0.001247795531526208,0.005720336921513081,0.01839204505085945,-0.014012490399181843,0.09594718366861343
91587000,0,1,1,1171368248954360692736,0.800096333026886,-0.24647745490074158,0.37579476833343506,1.748942255973816,-1.0346332788467407,16.39239501953125,0.007342008873820305,-0.001752152806147933,0.0033158189617097378,0.016587737947702408,-0.016647689044475555,0.09343166649341583
91588000,0,1,1,1171368248954360692736,0.7904844284057617,-0.24681299924850464,0.3827133774757385,1.7381079196929932,-1.0782489776611328,16.313796997070312,0.005997148342430592,-0.0027366806752979755,0.004062151536345482,0.013291848823428154,-0.018292363733053207,0.09128362685441971
91589000,0,1,1,1171368248954360692736,0.7813401818275452,-0.24759045243263245,0.39767974615097046,1.7241477966308594,-1.1195380687713623,16.21632194519043,0.007371360901743174,-0.0023783622309565544,0.00608086958527565,0.015542260371148586,-0.013282769359648228,0.09533518552780151
91590000,0,1,1,1171368248954360692736,0.7721729278564453,-0.24455967545509338,0.40754663944244385,1.702622890472412,-1.1402419805526733,16.04124641418457,0.006655075121670961,-0.0013661484699696302,0.0038657255936414003,0.011432870291173458,-0.0075677987188100815,0.08389973640441895
91591000,0,1,1,1171368248954360692736,0.7634702920913696,-0.24261868000030518,0.41560155153274536,1.6760461330413818,-1.146512746810913,15.848221778869629,0.007210835348814726,-0.0021128603257238865,0.003745801281183958,0.00890633650124073,-0.0032046916894614697,0.07626782357692719
91592000,0,1,1,1171368248954360692736,0.7563409209251404,-0.2417292296886444,0.4282618761062622,1.6528420448303223,-1.171352744102478,15.686883926391602,0.007241811603307724,-0.002098246244713664,0.005003786645829678,0.01260882057249546,-0.012606636621057987,0.07533936947584152
91593000,0,1,1,1171368248954360692736,0.7488352656364441,-0.24098488688468933,0.4463723301887512,1.6348797082901,-1.2139921188354492,15.601183891296387,0.007111489772796631,-0.0025800573639571667,0.00539038609713316,0.013157675974071026,-0.013419010676443577,0.08504326641559601
91594000,0,1,1,1171368248954360692736,0.7425436973571777,-0.2404969334602356,0.4706724286079407,1.6239595413208008,-1.2580208778381348,15.555871963500977,0.007854237221181393,-0.0013278836850076914,0.007398432120680809,0.01608125865459442,-0.01325905043631792,0.08892705291509628
91595000,0,1,1,1171368248954360692736,0.7360644936561584,-0.2369375228881836,0.48977047204971313,1.6147785186767578,-1.2869539260864258,15.508132934570312,0.006559303496032953,-0.000280134379863739,0.007527352310717106,0.013852586969733238,-0.012405559420585632,0.08309347927570343
91596000,0,1,1,1171368248954360692736,0.7325443029403687,-0.23734042048454285,0.5104503631591797,1.6062641143798828,-1.3279032707214355,15.489774703979492,0.007767379749566317,-0.0026449006982147694,0.006826527416706085,0.014745054766535759,-0.0160553939640522,0.08829653263092041
91597000,0,1,1,1171368248954360692736,0.7287062406539917,-0.23763509094715118,0.5294371843338013,1.599926233291626,-1.3723536729812622,15.508418083190918,0.007635684218257666,-0.0014727241359651089,0.00590770086273551,0.016053343191742897,-0.01520281657576561,0.09583927690982819
91598000,0,1,1,1171368248954360692736,0.7236939668655396,-0.23222704231739044,0.5346125364303589,1.5920603275299072,-1.4010201692581177,15.49091911315918,0.007327932398766279,-0.00017401063814759254,0.004410586319863796,0.015510166995227337,-0.01371025200933218,0.08962960541248322
91599000,0,1,1,1171368248954360692736,0.7188844084739685,-0.2278243750333786,0.5366585850715637,1.5814833641052246,-1.4200981855392456,15.456318855285645,0.006839632522314787,-0.0013173958286643028,0.004720022901892662,0.012771837413311005,-0.012375401332974434,0.08570688962936401
91600000,0,1,1,1171368248954360692736,0.7144902348518372,-0.22560277581214905,0.5452663898468018,1.5708378553390503,-1.4437205791473389,15.480271339416504,0.0069298893213272095,-0.0012585492804646492,0.005208391696214676,0.012393314391374588,-0.009830692782998085,0.08678469061851501
91601000,0,1,1,1171368248954360692736,0.7094406485557556,-0.2205851823091507,0.5482814311981201,1.557861566543579,-1.4545581340789795,15.49526596069336,0.006736755836755037,-0.0011278733145445585,0.0043631200678646564,0.012569069862365723,-0.007135339081287384,0.0878976359963417
91602000,0,1,1,1171368248954360692736,0.7055824995040894,-0.21745449304580688,0.5506191253662109,1.5522191524505615,-1.4810388088226318,15.584569931030273,0.0074232276529073715,-0.0015442264266312122,0.002965266816318035,0.01509793195873499,-0.01361464336514473,0.09644968807697296
91603000,0,1,1,1171368248954360692736,0.7009919881820679,-0.21282894909381866,0.5499742031097412,1.5465083122253418,-1.5026044845581055,15.653854370117188,0.0061834328807890415,-0.00046094926074147224,0.0037237738724797964,0.015300960280001163,-0.01182006299495697,0.09638059139251709
91604000,0,1,1,1171368248954360692736,0.6966207027435303,-0.20873451232910156,0.5553008317947388,1.5481641292572021,-1.534740686416626,15.797628402709961,0.006350687704980373,0.00042166723869740963,0.005252034869045019,0.019514862447977066,-0.015273035503923893,0.10859460383653641
91605000,0,1,1,1171368248954360692736,0.6930347084999084,-0.20311623811721802,0.5604349374771118,1.546367883682251,-1.5468732118606567,15.865227699279785,0.007428233977407217,-0.0001729934010654688,0.005304825492203236,0.01590099185705185,-0.008984877727925777,0.10089819878339767
91606000,0,1,1,1171368248954360692736,0.6910542249679565,-0.19685523211956024,0.5627572536468506,1.5369853973388672,-1.5424442291259766,15.883086204528809,0.00835083331912756,0.00031277420930564404,0.00464458717033267,0.01341361552476883,-0.008636505343019962,0.0904558002948761
91607000,0,1,1,1171368248954360692736,0.6903301477432251,-0.18990027904510498,0.5635286569595337,1.5347950458526611,-1.5446081161499023,15.93855094909668,0.007748930715024471,0.0012826697202399373,0.0040550315752625465,0.016720037907361984,-0.011046336963772774,0.09275130927562714
91608000,0,1,1,1171368248954360692736,0.6932187080383301,-0.18162912130355835,0.5696748495101929,1.543347716331482,-1.554589033126831,16.076101303100586,0.01153908483684063,0.00322780292481184,0.0033954354003071785,0.025518493726849556,-0.009740146808326244,0.10327662527561188
91609000,0,1,1,1171368248954360692736,0.6946067810058594,-0.16785821318626404,0.5581918954849243,1.5464415550231934,-1.5087614059448242,16.07149887084961,0.00973358191549778,0.0025253985077142715,0.003625126788392663,0.02361881360411644,-0.002637301106005907,0.10364983975887299
91610000,0,1,1,1171368248954360692736,0.6940587759017944,-0.14823965728282928,0.5260048508644104,1.5401809215545654,-1.4118409156799316,15.851980209350586,0.010670620948076248,0.005062984302639961,-9.267008863389492e-06,0.02184213697910309,0.0035903039388358593,0.08676428347826004
91611000,0,1,1,1171368248954360692736,0.6967431306838989,-0.1296623945236206,0.5019623637199402,1.5418213605880737,-1.3405870199203491,15.747289657592773,0.01217775046825409,0.0050552040338516235,0.0011905450373888016,0.02262929640710354,0.0004025464877486229,0.08704173564910889
91612000,0,1,1,1171368248954360692736,0.7006701231002808,-0.10765356570482254,0.46406781673431396,1.5434507131576538,-1.2316668033599854,15.591251373291016,0.012956647202372551,0.006806095130741596,-0.003026352496817708,0.026207631453871727,0.010255871340632439,0.08910386264324188
91613000,0,1,1,1171368248954360692736,0.7053207159042358,-0.07768859714269638,0.40991461277008057,1.553359866142273,-1.1016031503677368,15.317262649536133,0.014761224389076233,0.012833216227591038,-0.0034386375918984413,0.034428779035806656,0.0106220543384552,0.0846516340970993
91614000,0,1,1,1171368248954360692736,0.7132755517959595,-0.04683499038219452,0.36520057916641235,1.5728505849838257,-0.9629418849945068,15.076615333557129,0.013638826087117195,0.010463254526257515,-0.000942908925935626,0.03504205495119095,0.014160044491291046,0.09015548229217529
91615000,0,1,1,1171368248954360692736,0.7341259121894836,-0.007746420800685883,0.32391834259033203,1.6336350440979004,-0.8447140455245972,15.118080139160156,0.03224528208374977,0.025805268436670303,-0.004509189166128635,0.08585714548826218,0.002670697867870331,0.13269799947738647
91616000,0,1,1,1171368248954360692736,0.7575017213821411,0.03803776949644089,0.28158682584762573,1.6941349506378174,-0.7332502007484436,14.895959854125977,0.017878901213407516,0.01791694015264511,-0.0001718718558549881,0.04515103995800018,0.008862502872943878,0.10339093208312988
91617000,0,1,1,1171368248954360692736,0.7691725492477417,0.07386474311351776,0.23079052567481995,1.7016924619674683,-0.6032416224479675,14.479015350341797,0.01683025062084198,0.01031674724072218,-0.0018252786248922348,0.02666296809911728,0.009141447022557259,0.08160021156072617
91618000,0,1,1,1171368248954360692736,0.7802391052246094,0.09975535422563553,0.18281151354312897,1.7024025917053223,-0.4596214294433594,14.130111694335938,0.016451241448521614,0.008308333344757557,-0.003610995365306735,0.028222840279340744,0.02016795054078102,0.0784330666065216
91619000,0,1,1,1171368248954360692736,0.7901456952095032,0.12492139637470245,0.14115582406520844,1.7106775045394897,-0.3509843945503235,13.803826332092285,0.01434469223022461,0.011069655418395996,-0.0017526932060718536,0.02850494347512722,0.011717377230525017,0.06834568083286285
91620000,0,1,1,1171368248954360692736,0.7970098257064819,0.1494637280702591,0.10909688472747803,1.7203640937805176,-0.25641265511512756,13.53731918334961,0.013644554652273655,0.010998024605214596,-0.0011604290921241045,0.028849374502897263,0.010087983682751656,0.06994660943746567
91621000,0,1,1,1171368248954360692736,0.8041844367980957,0.1773965060710907,0.07723907381296158,1.733195185661316,-0.17244498431682587,13.244131088256836,0.016327543184161186,0.01506778784096241,-0.0020209942013025284,0.032992128282785416,0.00709613598883152,0.07132165133953094
91622000,0,1,1,1171368248954360692736,2.192301034927368,0.3749358654022217,0.07174257934093475,2.8473100662231445,-0.1274944245815277,13.686820983886719,1.8639929294586182,0.23675711452960968,0.003729570657014847,1.4647332429885864,-0.0036371052265167236,0.20739591121673584
91623000,0,1,1,1171368248954360692736,5.695389270782471,1.2120170593261719,-0.02753370814025402,6.0374345779418945,-0.0847354531288147,14.75830078125,1.9712809324264526,0.5435725450515747,-0.03818826377391815,2.0215792655944824,-0.01300138235092163,0.32509925961494446
91624000,0,1,1,1171368248954360692736,6.541633129119873,1.468022108078003,-0.15032202005386353,7.181541442871094,0.21994614601135254,14.804903030395508,0.02633931115269661,0.01826426573097706,-0.003446544986218214,0.05176553875207901,0.023961562663316727,0.16157661378383636
91625000,0,1,1,1171368248954360692736,5.849364757537842,1.5000228881835938,-0.20077314972877502,6.79306697845459,0.36556291580200195,14.475088119506836,0.013502583838999271,0.005941350013017654,0.001629438134841621,0.02370203658938408,0.020963231101632118,0.07822606712579727
91626000,0,1,1,1171368248954360692736,5.227907657623291,1.4707276821136475,-0.2320360541343689,6.376070976257324,0.544737696647644,14.313983917236328,0.012454938143491745,0.006446807645261288,-0.0020839585922658443,0.0277530737221241,0.01999807171523571,0.07961195707321167
91627000,0,1,1,1171368248954360692736,4.665916442871094,1.3459199666976929,-0.2535344958305359,5.879753112792969,0.7229499220848083,13.981607437133789,0.010365670546889305,0.0028396015986800194,0.0004002012137789279,0.020814387127757072,0.009167704731225967,0.06737225502729416
91628000,0,1,1,1171368248954360692736,4.176036834716797,1.2114741802215576,-0.25763601064682007,5.483134746551514,0.881919264793396,13.7362060546875,0.008699696511030197,-0.0005386865232139826,0.0005474391509778798,0.02459295466542244,0.019069476053118706,0.080158531665802
91629000,0,1,1,1171368248954360692736,3.8280839920043945,1.078800916671753,-0.22931456565856934,5.190154552459717,1.0257494449615479,13.612247467041016,0.015083225443959236,0.002349935006350279,0.0007539868820458651,0.03160497546195984,0.018998246639966965,0.0912906751036644
91630000,0,1,1,1171368248954360692736,3.6932480335235596,1.0386911630630493,-0.15733787417411804,5.122494220733643,1.246520757675171,13.933128356933594,0.27765554189682007,0.09876473248004913,0.05186581611633301,0.17760810256004333,0.06780774146318436,0.20915809273719788
91631000,0,1,1,1171368248954360692736,3.5203278064727783,0.9852971434593201,-0.14308221638202667,5.0022196769714355,1.3885658979415894,14.025388717651367,0.01248584408313036,-0.0024468812625855207,-0.0033479027915745974,0.04057309776544571,0.03427083417773247,0.1340276151895523
91632000,0,1,1,1171368248954360692736,3.242950201034546,0.8560488224029541,-0.16851593554019928,4.850647926330566,1.5354657173156738,14.104209899902344,0.009999510832130909,-0.00638060225173831,-0.006880714558064938,0.043822355568408966,0.03639107570052147,0.11867999285459518
91633000,0,1,1,1171368248954360692736,2.9706203937530518,0.7521224021911621,-0.19507835805416107,4.682491302490234,1.6794426441192627,14.070198059082031,0.006757387425750494,-0.0020887579303234816,-0.00147104705683887,0.034683674573898315,0.03241952136158943,0.11026742309331894
91634000,0,1,1,1173683488389945360384,2.7382044792175293,0.71123206615448,-0.19592861831188202,4.4581098556518555,1.7258048057556152,13.755207061767578,0.00896073691546917,0.003466858295723796,0.0006106593646109104,0.021849319338798523,0.015915200114250183,0.07952873408794403
91635000,0,1,1,1180271892905462857728,2.5565757751464844,0.6474822759628296,-0.2072824090719223,4.299403190612793,1.813735842704773,13.624608993530273,0.014309767633676529,0.0013924745144322515,-0.0037864730693399906,0.05697057396173477,0.05699289217591286,0.15416419506072998
91636000,0,1,1,1174897752747777458176,2.3746650218963623,0.6074761152267456,-0.1891343593597412,4.103950023651123,1.8522337675094604,13.399076461791992,0.012916459701955318,0.006500547286123037,0.0030417179223150015,0.022861208766698837,0.02475108951330185,0.0870501846075058
91637000,0,1,1,1171368248954360692736,2.1896467208862305,0.5523872375488281,-0.16530248522758484,3.893975257873535,1.8825080394744873,13.145933151245117,0.006321887951344252,0.001931376289576292,0.00019452368724159896,0.014027347788214684,0.015061775222420692,0.06005273014307022
91638000,0,1,1,1171368248954360692736,2.020573854446411,0.4967074692249298,-0.15650822222232819,3.705033779144287,1.8809733390808105,12.874978065490723,0.005318968091160059,0.0015155432047322392,0.0010589186567813158,0.012427438981831074,0.010208338499069214,0.05728323757648468
91639000,0,1,1,1171368248954360692736,1.8784815073013306,0.45517444610595703,-0.14661529660224915,3.528975009918213,1.8767820596694946,12.615228652954102,0.0066267624497413635,0.0027587036602199078,0.0014724753564223647,0.015508162789046764,0.008957881480455399,0.0665808767080307
91640000,0,1,1,1171368248954360692736,1.7520958185195923,0.42345544695854187,-0.14407290518283844,3.3656363487243652,1.8696329593658447,12.324567794799805,0.005762070883065462,0.0029453577008098364,0.00048058375250548124,0.012852493673563004,0.006769981700927019,0.05493203178048134
91641000,0,1,1,1171368248954360692736,1.6446994543075562,0.396867036819458,-0.14328964054584503,3.2252440452575684,1.862635612487793,12.12761116027832,0.007757529616355896,0.0034912466071546078,0.0023869029246270657,0.01724303513765335,0.0132061205804348,0.07854251563549042
91642000,0,1,1,1171368248954360692736,1.5726932287216187,0.37444788217544556,-0.11329013854265213,3.1613223552703857,1.8301849365234375,12.208858489990234,0.028288181871175766,-0.0015415684320032597,0.010830569081008434,0.07986825704574585,-0.007872818037867546,0.1696256697177887
91643000,0,1,1,1171368248954360692736,1.5045349597930908,0.3558041453361511,-0.10760661959648132,3.0827887058258057,1.8099644184112549,12.034163475036621,0.008593992330133915,0.005099293775856495,0.0019618263468146324,0.01637144945561886,0.008128823712468147,0.07682552188634872
91644000,0,1,1,1171368248954360692736,1.4337900876998901,0.34111326932907104,-0.09703496843576431,2.9765167236328125,1.7873048782348633,11.934553146362305,0.005900900345295668,0.0021103143226355314,0.002363158855587244,0.015703460201621056,0.006466349586844444,0.07843735069036484
91645000,0,1,1,1171368248954360692736,1.365063190460205,0.3202856481075287,-0.08523344993591309,2.874556541442871,1.7494428157806396,11.816622734069824,0.0061975885182619095,0.002801594091579318,0.003599746385589242,0.015145597979426384,0.0014603747986257076,0.06907942146062851
91646000,0,1,1,1171368248954360692736,1.305055856704712,0.2976880371570587,-0.06720709800720215,2.781322956085205,1.6954126358032227,11.732159614562988,0.007003300357609987,0.0015917199198156595,0.004155245143920183,0.017044000327587128,0.0022339224815368652,0.08158708363771439
91647000,0,1,1,1171368248954360692736,1.251251220703125,0.2776014804840088,-0.04759630188345909,2.694030523300171,1.615617036819458,11.650472640991211,0.007742983754724264,0.0019165340345352888,0.003267166903242469,0.02048254944384098,-0.00023405347019433975,0.08992910385131836
91648000,0,1,1,1171368248954360692736,1.2032380104064941,0.2595485746860504,-0.027610383927822113,2.61776065826416,1.5228567123413086,11.637144088745117,0.007789291441440582,0.001340881921350956,0.0050509837456047535,0.020739706233143806,-0.005747146438807249,0.10739554464817047
91649000,0,1,1,1171368248954360692736,1.1503058671951294,0.2271452397108078,-0.0100703164935112,2.5261213779449463,1.4293566942214966,11.644859313964844,0.006058852653950453,0.0003255442716181278,0.00534043787047267,0.018783966079354286,-0.007331571541726589,0.1029750257730484
91650000,0,1,1,1171368248954360692736,1.1030079126358032,0.20157045125961304,0.015536441467702389,2.443291664123535,1.3568120002746582,11.648990631103516,0.006117846351116896,-0.0007530085276812315,0.005839955527335405,0.014925041235983372,0.00035504624247550964,0.09899865090847015
91651000,0,1,1,1171368248954360692736,1.0580590963363647,0.1774192452430725,0.04290815442800522,2.3544466495513916,1.2693326473236084,11.526979446411133,0.0065811933018267155,7.091066800057888e-05,0.006890198681503534,0.014894564636051655,-0.005276145413517952,0.07705648243427277
91652000,0,1,1,1171368248954360692736,1.0206538438796997,0.15998217463493347,0.06965237110853195,2.2852931022644043,1.192103385925293,11.405782699584961,0.007247913628816605,0.00046410225331783295,0.007002424914389849,0.018555602058768272,-0.0067158048041164875,0.07376072555780411
91653000,0,1,1,1171368248954360692736,0.9869816303253174,0.1444026678800583,0.09337767213582993,2.218008518218994,1.127599835395813,11.337411880493164,0.006561778485774994,3.6793528124690056e-05,0.007185900118201971,0.013195866718888283,-0.0004274030216038227,0.07820338010787964
91654000,0,1,1,1171368248954360692736,0.9584743976593018,0.12960940599441528,0.11400450766086578,2.1618638038635254,1.0769996643066406,11.277297019958496,0.00710258586332202,-0.0001411887351423502,0.005993965547531843,0.017055004835128784,0.004019259940832853,0.08062183111906052
91655000,0,1,1,1171368248954360692736,0.9429467916488647,0.12387659400701523,0.14102759957313538,2.1138906478881836,1.0052461624145508,11.202729225158691,0.010987781919538975,0.0003496832214295864,0.008366118185222149,0.020335528999567032,-0.0022401376627385616,0.09398367255926132
91656000,0,1,1,1171368248954360692736,0.9226904511451721,0.10462024807929993,0.14679598808288574,2.0095772743225098,0.8702473640441895,10.974279403686523,0.009694733656942844,-9.214458987116814e-05,0.008255657739937305,0.010775117203593254,-0.005722234956920147,0.0712219700217247
91657000,0,1,1,1171368248954360692736,0.9008994698524475,0.07980130612850189,0.15420043468475342,1.8957879543304443,0.720398485660553,10.69802188873291,0.008138050325214863,-0.0011686375364661217,0.007715662941336632,0.009570064954459667,-0.007064293138682842,0.05501116067171097
91658000,0,1,1,1171368248954360692736,0.8845334053039551,0.053317274898290634,0.15872728824615479,1.7930760383605957,0.5708998441696167,10.478343963623047,0.009161007590591908,-0.004249855875968933,0.006384163163602352,0.011192361824214458,-0.010345008224248886,0.06740964949131012
91659000,0,1,1,1171368248954360692736,0.8660282492637634,0.03262970969080925,0.15519806742668152,1.7040765285491943,0.4508543908596039,10.276117324829102,0.007284690625965595,-0.001031168969348073,0.0034278128296136856,0.008867831900715828,-0.0075623104348778725,0.06082013621926308
91660000,0,1,1,1171368248954360692736,0.8419563174247742,0.01871321350336075,0.14371486008167267,1.616578459739685,0.3668726086616516,10.0574951171875,0.006413670256733894,-0.00011271913535892963,0.0007909679552540183,0.0076233576983213425,-0.0015871829818934202,0.052287761121988297
91661000,0,1,1,1171368248954360692736,0.8198864459991455,0.007950425148010254,0.1325349509716034,1.5379718542099,0.30172210931777954,9.823100090026855,0.0060201892629265785,-0.00047688442282378674,0.0017268513329327106,0.0065091741271317005,-0.0022449197713285685,0.04571617394685745
91662000,0,1,1,1171368248954360692736,0.7961177825927734,0.0013928711414337158,0.11247694492340088,1.4612027406692505,0.2611742615699768,9.526573181152344,0.0051895868964493275,0.0006762385601177812,-0.0008969333139248192,0.005770749878138304,-0.00117670523468405,0.03972262144088745
91663000,0,1,1,1171368248954360692736,0.778238832950592,0.0031921975314617157,0.08645952492952347,1.3961035013198853,0.24057134985923767,9.23561954498291,0.006421367172151804,0.0009052171953953803,-0.0008168292697519064,0.0066857896745204926,0.00026026321575045586,0.04323432594537735
91664000,0,1,1,1171368248954360692736,0.7607681751251221,0.006399974226951599,0.0797591283917427,1.367225170135498,0.24144718050956726,9.027925491333008,0.005868774373084307,0.0008579060668125749,0.0026145244482904673,0.011399530805647373,0.0006651375442743301,0.04427523910999298
91665000,0,1,1,1171368248954360692736,0.7467039227485657,0.002151835709810257,0.08445572853088379,1.3447353839874268,0.2226841002702713,8.96847915649414,0.0066917771473526955,-0.0008904837304726243,0.0018757031066343188,0.016401052474975586,-0.0015702652744948864,0.08477838337421417
91666000,0,1,1,1171368248954360692736,0.7438046932220459,-0.008681908249855042,0.08199773728847504,1.3177404403686523,0.1820714771747589,8.986730575561523,0.014739187434315681,-0.002161132637411356,0.00037659064400941133,0.014848912134766579,-0.004941385239362717,0.09738306701183319
91667000,0,1,1,1171368248954360692736,0.7536073923110962,-0.021785158663988113,0.08597984910011292,1.2954994440078735,0.13370266556739807,9.108810424804688,0.021956006065011024,-0.00407817680388689,0.004450416192412376,0.01646934263408184,-0.00814132858067751,0.11526095122098923
91668000,0,1,1,1171368248954360692736,0.7794823050498962,-0.03481093794107437,0.11337156593799591,1.2806048393249512,0.07519318163394928,9.42127799987793,0.032738570123910904,-0.004983823746442795,0.013904694467782974,0.017154190689325333,-0.019092828035354614,0.15892302989959717
91669000,0,1,1,1171368248954360692736,0.7935954332351685,-0.04392828047275543,0.13225872814655304,1.259374737739563,0.03469236195087433,9.467877388000488,0.012558640912175179,-0.0026909008156508207,0.006613598670810461,0.015879586338996887,-0.002233667066320777,0.10343358665704727
91670000,0,1,1,1171368248954360692736,0.8000792264938354,-0.054788678884506226,0.15191945433616638,1.2450093030929565,-0.02196335792541504,9.647745132446289,0.017436891794204712,-0.0040244003757834435,0.005962576251477003,0.0153528843075037,-0.01430817972868681,0.12148919701576233
91671000,0,1,1,1171368248954360692736,0.8049862384796143,-0.06607772409915924,0.18016862869262695,1.2290306091308594,-0.08345501124858856,9.695258140563965,0.01214345172047615,-0.0028017465956509113,0.011761210858821869,0.013492533937096596,-0.013509701937437057,0.09300339221954346
91672000,0,1,1,1171368248954360692736,0.8040134906768799,-0.07741223275661469,0.20150014758110046,1.209162950515747,-0.13252168893814087,9.684080123901367,0.01130170188844204,-0.003707490861415863,0.01060197502374649,0.010733578354120255,-0.00993665587157011,0.07741185277700424
91673000,0,1,1,1171368248954360692736,0.7975754141807556,-0.08556096255779266,0.21607688069343567,1.1841731071472168,-0.1698710024356842,9.609560012817383,0.009160906076431274,-0.0020198526326566935,0.007655025459825993,0.009162753820419312,-0.0076620979234576225,0.06404194235801697
91674000,0,1,1,1171368248954360692736,0.7907804250717163,-0.09207037091255188,0.22570990025997162,1.1628671884536743,-0.20369398593902588,9.557762145996094,0.00904877483844757,-0.0013619293458759785,0.005121240857988596,0.010355816222727299,-0.006142301484942436,0.06668128073215485
91675000,0,1,1,1171368248954360692736,0.7823753356933594,-0.09679758548736572,0.2310684621334076,1.1429730653762817,-0.22817462682724,9.478971481323242,0.008776621893048286,-0.001387914177030325,0.004333422519266605,0.01121766772121191,-0.005831257905811071,0.06295494735240936
91676000,0,1,1,1171368248954360692736,0.7740646600723267,-0.10122883319854736,0.2383294701576233,1.1238911151885986,-0.2562202215194702,9.37424087524414,0.007804558612406254,-0.002209681086242199,0.0058206007815897465,0.00906638614833355,-0.007481069304049015,0.05258045345544815
91677000,0,1,1,1171368248954360692736,0.7655938863754272,-0.10758814215660095,0.25156107544898987,1.1043400764465332,-0.28736770153045654,9.283119201660156,0.008643961511552334,-0.002567413030192256,0.006968148984014988,0.009151714853942394,-0.00880090706050396,0.05685272812843323
91678000,0,1,1,1171368248954360692736,0.7595223188400269,-0.11332197487354279,0.26361238956451416,1.0869808197021484,-0.3191279172897339,9.206679344177246,0.008602839894592762,-0.00276702712289989,0.006454329937696457,0.008659484796226025,-0.009050996042788029,0.05878957733511925
91679000,0,1,1,1171368248954360692736,0.753779411315918,-0.12005487084388733,0.2758772373199463,1.0681487321853638,-0.34626516699790955,9.13371467590332,0.008458798751235008,-0.0031894438434392214,0.006266340613365173,0.007546397857367992,-0.0073507800698280334,0.05687336623668671
91680000,0,1,1,1171368248954360692736,0.7460353970527649,-0.12477106600999832,0.2813505530357361,1.0516939163208008,-0.3738999366760254,9.055439949035645,0.007875279523432255,-0.003074339125305414,0.004811465740203857,0.008696192875504494,-0.008237476460635662,0.050852999091148376
91681000,0,1,1,1171368248954360692736,0.7423402070999146,-0.13172313570976257,0.28854280710220337,1.0387591123580933,-0.4004274308681488,8.990425109863281,0.009331249631941319,-0.003951660823076963,0.0062732938677072525,0.00947046559303999,-0.008279060944914818,0.05549594759941101
91682000,0,1,1,1171368248954360692736,0.7370807528495789,-0.1386290043592453,0.29786401987075806,1.0246891975402832,-0.4232056736946106,8.923574447631836,0.00840942282229662,-0.0036149052903056145,0.005334947258234024,0.008393929339945316,-0.0081079276278615,0.05353448539972305
91683000,0,1,1,1171368248954360692736,0.7303941249847412,-0.14357377588748932,0.3048786520957947,1.0106520652770996,-0.4385153651237488,8.844779968261719,0.007632915396243334,-0.0030255059245973825,0.005018646828830242,0.008665458299219608,-0.006407728418707848,0.04915641248226166
91684000,0,1,1,1171368248954360692736,0.7226327657699585,-0.1456482708454132,0.30495885014533997,0.9994714260101318,-0.44887813925743103,8.826764106750488,0.007859531790018082,-0.0014951827470213175,0.0024227057583630085,0.011773491278290749,-0.00360749545507133,0.0642983689904213
91685000,0,1,1,1171368248954360692736,0.7159349918365479,-0.14694909751415253,0.30227571725845337,0.9932200908660889,-0.4572051167488098,8.846198081970215,0.007585829123854637,-0.0013828705996274948,0.0017272455152124166,0.012374049983918667,-0.0034077242016792297,0.0689408928155899
91686000,0,1,1,1171368248954360692736,0.7074243426322937,-0.1470063477754593,0.2976260781288147,0.9848291873931885,-0.4664331078529358,8.850550651550293,0.007104098331183195,-0.0016832061810418963,0.0025658763479441404,0.010217158123850822,-0.005247040651738644,0.06698420643806458
91687000,0,1,1,1171368248954360692736,0.6988494396209717,-0.14667198061943054,0.29472672939300537,0.9751025438308716,-0.4732357859611511,8.827773094177246,0.007330784574151039,-0.001488436246290803,0.002643347717821598,0.011276592500507832,-0.004205129109323025,0.06286071240901947
91688000,0,1,1,1171368248954360692736,0.6901296973228455,-0.14584216475486755,0.29168134927749634,0.9661004543304443,-0.47670096158981323,8.791370391845703,0.007008909713476896,-0.001164983375929296,0.00212630326859653,0.011154684238135815,-0.003206311259418726,0.05952506512403488
91689000,0,1,1,1171368248954360692736,0.6818965077400208,-0.14490479230880737,0.2871764302253723,0.9575518369674683,-0.4772236943244934,8.745889663696289,0.007140717003494501,-0.0011783818481490016,0.0016414864221587777,0.011265872046351433,-0.002533667255192995,0.0565902441740036
91690000,0,1,1,1171368248954360692736,0.674022912979126,-0.14348913729190826,0.2811186909675598,0.9477484226226807,-0.4730215072631836,8.679035186767578,0.006936280056834221,-0.0011498781386762857,0.0017615746473893523,0.010391715914011002,-0.0029984600841999054,0.0526045598089695
91691000,0,1,1,1171368248954360692736,0.6674863696098328,-0.14262491464614868,0.2775782346725464,0.9391950368881226,-0.47474128007888794,8.6259765625,0.00733628123998642,-0.0011720557231456041,0.002528795972466469,0.010806892067193985,-0.0043385517783463,0.053805746138095856
91692000,0,1,1,1171368248954360692736,0.6627019643783569,-0.14287219941616058,0.2769571542739868,0.9333785772323608,-0.48149627447128296,8.595956802368164,0.007602368481457233,-0.0013862765626981854,0.0026708408258855343,0.011207391507923603,-0.0044960035011172295,0.05506465211510658
91693000,0,1,1,1171368248954360692736,0.6583672761917114,-0.1432308852672577,0.2760302424430847,0.927919328212738,-0.488960325717926,8.563474655151367,0.007726825308054686,-0.0013233255594968796,0.0023032505996525288,0.010436871089041233,-0.004664026200771332,0.05437939614057541
91694000,0,1,1,1171368248954360692736,0.653489887714386,-0.143245667219162,0.27463996410369873,0.9218600988388062,-0.4950653314590454,8.52063274383545,0.007250852882862091,-0.0012342312838882208,0.002245930954813957,0.010174250230193138,-0.004493868909776211,0.05278366431593895
91695000,0,1,1,1171368248954360692736,0.6486005783081055,-0.14330601692199707,0.27351295948028564,0.9162370562553406,-0.5006246566772461,8.478711128234863,0.007375961169600487,-0.0012914547696709633,0.0022136326879262924,0.01038489118218422,-0.0042349970899522305,0.05267171561717987
91696000,0,1,1,1171368248954360692736,0.6436581611633301,-0.14294873178005219,0.2713237702846527,0.9111014604568481,-0.5066272020339966,8.444330215454102,0.007344021461904049,-0.0009640052448958158,0.0015358373057097197,0.010878732427954674,-0.004146047867834568,0.052711471915245056
91697000,0,1,1,1171368248954360692736,0.6384888291358948,-0.14212188124656677,0.26787763833999634,0.905246376991272,-0.5084265470504761,8.399890899658203,0.007146462332457304,-0.0009458359563723207,0.001461215317249298,0.009839149191975594,-0.003134256461635232,0.05065375939011574
91698000,0,1,1,1171368248954360692736,0.6338667273521423,-0.14131087064743042,0.26448625326156616,0.8996087908744812,-0.507737934589386,8.35794734954834,0.0072255185805261135,-0.0007134199840947986,0.0015177542809396982,0.011052615940570831,-0.002234789077192545,0.050696149468421936
91699000,0,1,1,1171368248954360692736,0.6300609111785889,-0.14038972556591034,0.2608911991119385,0.896041750907898,-0.5046782493591309,8.333341598510742,0.0074317255057394505,-0.0006528123049065471,0.0011255587451159954,0.0118544427677989,-0.001447414979338646,0.052717357873916626
91700000,0,1,1,1171368248954360692736,0.6260970234870911,-0.1391688883304596,0.25804686546325684,0.893154501914978,-0.5011520385742188,8.301407814025879,0.007353370543569326,-0.0005224444903433323,0.001277110306546092,0.01177865732461214,-0.0014415555633604527,0.05149838700890541
91701000,0,1,1,1171368248954360692736,0.6223551034927368,-0.13780717551708221,0.25537264347076416,0.8900708556175232,-0.4964548945426941,8.265156745910645,0.007405850570648909,-0.0004728360800072551,0.0013620047830045223,0.01185248140245676,-0.001370434882119298,0.05150216072797775
91702000,0,1,1,1171368248954360692736,0.6185114979743958,-0.13630729913711548,0.25202620029449463,0.8867277503013611,-0.48953819274902344,8.223596572875977,0.007354632951319218,-0.0004303912864997983,0.0012359663378447294,0.011690935119986534,-0.0010330663062632084,0.0513019859790802
91703000,0,1,1,1171368248954360692736,0.6155688762664795,-0.1351129114627838,0.24808086454868317,0.8828664422035217,-0.481814980506897,8.183717727661133,0.007230797782540321,-0.0006071348907426,0.0012062052264809608,0.011420010589063168,-0.000849688658490777,0.051880404353141785
91704000,0,1,1,1171368248954360692736,0.6136470437049866,-0.1342572420835495,0.24547693133354187,0.8802997469902039,-0.4752364158630371,8.158414840698242,0.0070173535495996475,-0.0005403015529736876,0.0015296618221327662,0.011288246139883995,-0.0014510375913232565,0.05096123740077019
91705000,0,1,1,1171368248954360692736,0.6072244644165039,-0.13564260303974152,0.2471475452184677,0.8736743330955505,-0.46284782886505127,8.107975959777832,0.007055193185806274,-0.0004448470426723361,0.0017763137584552169,0.011681895703077316,-0.0014564255252480507,0.04855208843946457
91706000,0,1,1,1171368248954360692736,0.5996348857879639,-0.13845524191856384,0.24569477140903473,0.857193112373352,-0.47045135498046875,8.04489517211914,0.006951810792088509,-0.000692060450091958,0.001263876911252737,0.010231247171759605,-0.0022846015635877848,0.048025161027908325
91707000,0,1,1,1171368248954360692736,0.5918701887130737,-0.14081788063049316,0.24145683646202087,0.8366541266441345,-0.4826952815055847,7.949566841125488,0.006812425795942545,-0.001012297347187996,0.0006833266816101968,0.008709251880645752,-0.0028410661034286022,0.046258945018053055
91708000,0,1,1,1171368248954360692736,0.5845614671707153,-0.1428404301404953,0.23769456148147583,0.8175760507583618,-0.49244293570518494,7.857993125915527,0.00682637095451355,-0.0012892612721771002,0.000952528789639473,0.008054782636463642,-0.0028396116103976965,0.04564189910888672
91709000,0,1,1,1171368248954360692736,0.5776998996734619,-0.1440037488937378,0.23473531007766724,0.8017335534095764,-0.4968086779117584,7.774402141571045,0.0070825484581291676,-0.0005516062956303358,0.00110886269249022,0.010618581436574459,-0.0013596003409475088,0.047197695821523666
91710000,0,1,1,1171368248954360692736,0.5696015357971191,-0.14279156923294067,0.22998006641864777,0.7876731157302856,-0.4940657615661621,7.6833600997924805,0.007145957089960575,-0.00038416869938373566,0.001144123263657093,0.010978053323924541,-0.0007904402446001768,0.047561220824718475
91711000,0,1,1,1171368248954360692736,0.5622036457061768,-0.14139744639396667,0.226665660738945,0.7760628461837769,-0.4940902590751648,7.6036176681518555,0.006987705826759338,-0.00033964565955102444,0.001254446106031537,0.011012961156666279,-0.0014897314831614494,0.047575030475854874
91712000,0,1,1,1171368248954360692736,0.5552307963371277,-0.13980017602443695,0.2230364978313446,0.7650913000106812,-0.493561327457428,7.526073932647705,0.0069803521037101746,-0.00022931199055165052,0.0013459741603583097,0.01061137206852436,-0.0018153619021177292,0.047498758882284164
91713000,0,1,1,1171368248954360692736,0.5487576723098755,-0.1382286697626114,0.21984390914440155,0.7549670934677124,-0.4933350384235382,7.453664302825928,0.007042984943836927,-0.0003040931187570095,0.001276401337236166,0.010748294182121754,-0.0017989554908126593,0.04751245677471161
91714000,0,1,1,1171368248954360692736,0.5424548387527466,-0.1370600461959839,0.21834951639175415,0.745407223701477,-0.4911617338657379,7.369438171386719,0.006929317954927683,-0.0005747249815613031,0.0018826266750693321,0.010181350633502007,-0.0014806983526796103,0.04439534991979599
91715000,0,1,1,1171368248954360692736,0.5364482998847961,-0.1360747516155243,0.2171112298965454,0.7354587316513062,-0.48872584104537964,7.279196262359619,0.006849038880318403,-0.0007416405715048313,0.0017412371234968305,0.009490556083619595,-0.001894506043754518,0.04292582347989082
91716000,0,1,1,1171368248954360692736,0.5307096242904663,-0.1354093849658966,0.2160925567150116,0.7251461744308472,-0.48731446266174316,7.193724632263184,0.006840438582003117,-0.0010493763256818056,0.0018295308109372854,0.008435298688709736,-0.0026968521997332573,0.043191056698560715
91717000,0,1,1,1171368248954360692736,0.5252026915550232,-0.13489913940429688,0.21489611268043518,0.7154012322425842,-0.4872698485851288,7.118988037109375,0.006743018981069326,-0.0008769066771492362,0.0016992632299661636,0.008596621453762054,-0.0022968873381614685,0.04356162250041962
