version,numEvents,reserved0
0,0,14051115008
0,0,14116651008
0,0,14182187008
0,0,14247723008
0,0,14313259008
0,0,14378795008
0,0,14444331008
0,0,14509867008
0,0,14575403008
0,0,14640939008
0,0,14706475008
0,0,14772011008
0,0,14837547008
0,0,14903083008
0,0,14968619008
0,0,15034155008
0,0,15099691008
0,0,15165227008
0,0,15230763008
0,0,15296299008
0,0,15361835008
0,0,15427371008
0,0,15492907008
0,0,15558443008
0,0,15623979008
0,0,15689515008
0,0,15755051008
0,0,15820587008
0,0,15886123008
0,0,15951659008
0,0,16017195008
0,0,16082731008
0,0,16148267008
0,0,16213803008
0,0,16279339008
0,0,16344875008
0,0,16410411008
0,0,16475947008
0,0,16541483008
0,0,16607019008
0,0,16672555008
0,0,16738091008
0,0,16803627008
0,0,16869163008
0,0,16934699008
0,0,17000235008
0,0,17065771008
0,0,17131307008
0,0,17196843008
0,0,17262379008
0,0,17327915008
0,0,17393451008
0,0,17458987008
0,0,17524523008
0,0,17590059008
0,0,17655595008
0,0,17721131008
0,0,17786667008
0,0,17852203008
0,0,17917739008
0,0,17983275008
0,0,18048811008
0,0,18114347008
0,0,18179883008
0,0,18245419008
0,0,18310955008
0,0,18376491008
0,0,18442027008
0,0,18507563008
0,0,18573099008
0,0,18638635008
0,0,18704171008
0,0,18769707008
0,0,18835243008
0,0,18900779008
0,0,18966315008
0,0,19031851008
0,0,19097387008
0,0,19162923008
0,0,19228459008
0,0,19293995008
0,0,19359531008
0,0,19425067008
0,0,19490603008
0,0,19556139008
0,0,19621675008
0,0,19687211008
0,0,19752747008
0,0,19818283008
0,0,19883819008
0,0,19949355008
0,0,20014891008
0,0,20080427008
0,0,20145963008
0,0,20211499008
0,0,20277035008
0,0,20342571008
0,0,20408107008
0,0,20473643008
0,0,20539179008
0,0,20604715008
0,0,20670251008
0,0,20735787008
0,0,20801323008
0,0,20866859008
0,0,20932395008
0,0,20997931008
0,0,21063467008
0,0,21129003008
0,0,21194539008
0,0,21260075008
0,0,21325611008
0,0,21391147008
0,0,21456683008
0,0,21522219008
0,0,21587755008
0,0,21653291008
0,0,21718827008
0,0,21784363008
0,0,21849899008
0,0,21915435008
0,0,21980971008
0,0,22046507008
0,0,22112043008
0,0,22177579008
0,0,22243115008
0,0,22308651008
0,0,22374187008
0,0,22439723008
0,0,22505259008
0,0,22570795008
0,0,22636331008
0,0,22701867008
0,0,22767403008
0,0,22832939008
0,0,22898475008
0,0,22964011008
0,0,23029547008
0,0,23095083008
0,0,23160619008
0,0,23226155008
0,0,23291691008
0,0,23357227008
0,0,23422763008
0,0,23488299008
0,0,23553835008
0,0,23619371008
0,0,23684907008
0,0,23750443008
0,0,23815979008
0,0,23881515008
0,0,23947051008
0,0,24012587008
0,0,24078123008
0,0,24143659008
0,0,24209195008
0,0,24274731008
0,0,24340267008
0,0,24405803008
0,0,24471339008
0,0,24536875008
0,0,24602411008
0,0,24667947008
0,0,24733483008
0,0,24799019008
0,0,24864555008
0,0,24930091008
0,0,24995627008
0,0,25061163008
0,0,25126699008
0,0,25192235008
0,0,25257771008
0,0,25323307008
0,0,25388843008
0,0,25454379008
0,0,25519915008
0,0,25585451008
0,0,25650987008
0,0,25716523008
0,0,25782059008
0,0,25847595008
0,0,25913131008
0,0,25978667008
0,0,26044203008
0,0,26109739008
0,0,26175275008
0,0,26240811008
0,0,26306347008
0,0,26371883008
0,0,26437419008
0,0,26502955008
0,0,26568491008
0,0,26634027008
0,0,26699563008
0,0,26765099008
0,0,26830635008
0,0,26896171008
0,0,26961707008
0,0,27027243008
0,0,27092779008
0,0,27158315008
0,0,27223851008
0,0,27289387008
0,0,27354923008
0,0,27420459008
0,0,27485995008
0,0,27551531008
0,0,27617067008
0,0,27682603008
0,0,27748139008
0,0,27813675008
0,0,27879211008
0,0,27944747008
0,0,28010283008
0,0,28075819008
0,0,28141355008
0,0,28206891008
0,0,28272427008
0,0,28337963008
0,0,28403499008
0,0,28469035008
0,0,28534571008
0,0,28600107008
0,0,28665643008
